Precious Achiuwa,67,66,60,67,61,70,80,79,75,74,78,79,84,90,76,66,79,85,80,57,44,42,63,75,47,36,49,66,50,36,68,79,56,42,78,66,79,70,75,81,85,77,65,79,2573
Steven Adams,58,94,65,26,36,60,65,71,48,37,81,68,88,90,82,70,69,70,70,79,62,82,49,79,49,69,35,33,68,42,70,82,55,43,76,63,85,79,80,92,97,86,60,83,2536
Bam Adebayo,76,97,70,71,81,60,75,84,74,74,85,83,92,90,90,81,81,85,80,80,80,81,70,90,70,72,69,66,74,68,78,93,83,49,67,73,92,80,90,76,62,89,90,89,2995
Ochai Agbaji,70,67,80,71,81,70,50,84,88,88,64,85,90,90,80,61,70,65,80,52,52,52,40,78,61,60,75,78,60,32,68,57,80,42,63,80,79,75,70,49,49,48,70,79,2590
Santi Aldama,79,82,76,78,61,90,85,69,59,59,70,59,80,80,79,69,66,70,65,69,69,69,55,85,51,60,42,54,50,51,61,65,63,41,71,60,74,59,55,62,48,75,80,77,2531
Nickeil Alexander-Walker,76,88,74,83,62,70,80,75,72,75,60,70,90,75,80,65,85,40,60,54,58,64,67,88,72,75,81,72,76,57,71,59,82,46,58,82,79,80,80,40,36,43,70,77,2648
Grayson Allen,84,87,70,93,91,80,80,76,84,78,44,81,85,80,82,55,85,25,70,31,43,42,69,78,70,70,78,79,78,45,58,35,72,41,56,74,70,74,45,44,36,51,70,79,2531
Jarrett Allen,82,97,82,63,70,90,90,81,75,72,84,79,92,80,82,80,79,85,80,82,63,82,74,95,39,25,35,35,48,50,66,88,41,38,70,53,88,67,85,83,78,87,80,86,2750
Timmy Allen,64,70,70,74,69,60,40,71,62,60,62,70,90,75,80,57,70,50,65,51,50,48,45,80,55,60,60,54,60,40,52,55,57,45,44,65,52,57,40,57,54,59,55,70,2268
Jose Alvarado,71,79,73,81,60,75,60,73,76,76,42,78,80,79,80,45,83,25,30,35,30,30,40,85,70,75,73,75,68,60,75,31,85,90,53,86,85,85,85,45,38,52,50,78,2466
Kyle Anderson,76,88,86,60,69,75,80,70,66,67,62,66,85,64,83,54,79,55,45,45,48,41,49,70,75,78,81,65,79,72,71,60,79,59,62,80,78,75,75,52,45,58,75,79,2583
Giannis Antetokounmpo,81,96,72,68,67,85,98,91,89,87,94,85,98,95,91,88,98,85,91,79,74,87,97,95,85,84,87,80,95,77,84,90,90,46,80,90,92,88,95,77,66,88,98,98,3275
Thanasis Antetokounmpo,60,71,66,66,50,65,40,76,77,75,42,82,80,90,87,63,80,40,85,53,50,60,69,64,61,54,69,69,75,38,49,42,59,33,51,60,54,50,40,63,64,61,75,73,2359
Cole Anthony,82,92,74,77,84,75,90,82,84,84,59,77,88,85,98,68,84,40,85,49,58,44,82,98,80,82,84,84,82,69,56,45,69,49,58,74,55,52,45,56,45,66,70,81,2717
OG Anunoby,76,72,95,82,68,70,70,81,81,83,68,85,85,85,81,60,70,60,85,38,37,36,60,90,58,58,72,71,52,37,81,79,90,59,58,90,89,89,95,46,40,51,60,84,2675
Ryan Arcidiacono,66,47,78,75,65,85,45,69,70,72,40,66,80,74,82,45,76,25,30,27,38,38,45,78,77,85,79,70,85,64,50,35,65,42,25,68,66,62,40,38,25,50,50,73,2220
Deni Avdija,80,84,66,83,84,80,85,78,73,73,65,79,89,85,84,64,84,40,75,57,54,59,59,85,74,79,78,69,79,66,69,62,80,40,52,79,78,77,80,63,44,81,80,81,2748
Deandre Ayton,82,96,92,59,80,75,90,79,75,65,85,82,90,76,81,81,79,90,75,85,75,85,74,82,55,53,61,55,70,37,63,78,49,43,61,61,78,69,65,81,72,90,75,85,2793
Udoka Azubuike,37,64,34,25,35,40,25,79,72,70,80,93,79,75,83,55,70,85,75,44,45,48,40,35,33,25,35,44,34,29,58,76,44,25,88,51,74,54,55,83,84,81,95,76,2187
Ibou Badji,45,60,37,37,68,40,30,76,66,66,70,81,85,80,84,59,55,80,75,59,40,55,30,75,42,58,37,32,55,30,57,70,37,25,89,51,71,54,55,77,83,71,25,72,2188
Marvin Bagley III,75,87,74,75,84,50,80,81,73,74,80,86,85,80,87,79,82,80,80,80,78,81,70,80,54,47,62,64,60,35,59,70,49,36,66,57,70,65,55,79,85,73,50,79,2669
Amari Bailey,67,70,79,75,70,60,50,74,84,84,46,71,85,69,80,55,74,39,65,44,52,47,44,75,71,70,79,82,68,57,52,42,60,46,40,72,54,50,50,41,34,47,65,79,2358
Patrick Baldwin Jr.,73,70,72,75,74,70,75,69,57,57,69,62,85,70,80,61,74,55,70,54,52,52,52,80,52,55,58,55,60,34,55,56,59,49,65,64,55,54,40,63,42,84,75,79,2389
LaMelo Ball,87,86,78,83,86,95,95,80,84,84,50,79,93,89,82,68,85,45,75,52,58,52,82,98,89,93,88,84,93,89,70,45,70,83,37,83,79,89,75,54,46,61,95,90,2931
Lonzo Ball,71,55,65,84,79,60,85,78,85,85,52,80,93,70,80,56,79,30,75,35,44,40,59,84,84,88,86,85,89,70,78,60,84,80,62,86,84,85,85,52,41,62,95,83,2744
Mo Bamba,67,75,65,79,66,65,50,73,75,61,68,75,78,75,81,67,60,75,70,69,64,69,45,80,40,35,46,32,51,34,66,75,48,43,93,64,77,64,60,81,76,85,70,76,2474
Paolo Banchero,87,88,86,81,68,98,98,82,80,80,77,83,90,85,80,86,88,75,85,84,84,84,89,95,75,74,76,74,78,72,60,68,66,41,56,70,64,67,45,71,65,76,98,89,2957
Desmond Bane,84,80,85,88,86,70,95,77,74,74,56,78,92,85,78,67,90,35,75,49,61,56,83,84,77,80,82,70,80,74,69,59,80,43,53,80,78,78,80,46,37,54,65,86,2753
Dalano Banton,75,78,72,73,71,70,85,75,76,76,66,75,80,75,80,57,79,30,65,30,45,48,79,80,75,78,76,72,79,68,58,40,68,46,56,72,60,62,60,55,46,64,90,76,2546
Dominick Barlow,76,84,73,72,72,75,80,74,68,68,62,75,80,85,80,58,65,60,75,52,50,52,35,75,56,51,69,64,52,44,51,50,47,42,67,57,57,49,40,73,77,69,85,73,2431
Harrison Barnes,82,96,87,82,83,70,75,80,77,72,70,95,92,75,82,68,84,55,80,48,65,83,40,88,66,72,78,73,75,31,60,67,75,38,37,75,65,65,60,44,40,47,45,81,2623
Scottie Barnes,86,83,88,79,73,95,95,84,82,82,74,92,88,90,80,76,86,80,80,60,62,62,84,95,77,77,79,77,80,72,76,80,80,49,76,77,80,78,85,66,60,71,90,90,3011
RJ Barrett,79,83,52,80,85,80,95,83,84,84,76,82,95,80,80,71,89,45,80,52,55,79,80,85,78,79,83,82,84,64,67,58,82,35,51,83,79,74,75,53,40,66,85,84,2825
Charles Bassey,60,83,69,62,60,50,35,80,77,77,69,82,80,95,80,60,70,75,75,50,50,50,40,70,47,35,42,54,48,56,64,69,57,53,88,64,68,50,60,85,79,90,70,76,2458
Emoni Bates,69,77,80,77,78,50,50,67,69,69,42,73,85,50,80,54,74,45,65,40,42,42,47,75,57,55,77,68,52,33,44,43,53,40,30,63,52,40,30,49,46,52,50,74,2168
Keita Bates-Diop,74,76,74,73,72,70,80,73,77,77,60,72,80,70,76,62,77,55,65,54,63,60,50,70,56,58,66,66,56,33,60,63,63,53,68,74,60,60,35,56,55,57,65,75,2458
Nicolas Batum,78,88,79,84,71,75,70,76,68,64,65,82,88,85,83,59,74,55,60,40,63,62,35,80,65,70,71,68,73,41,63,66,73,43,62,75,68,50,65,54,50,58,75,77,2556
Darius Bazley,72,71,70,81,54,75,80,75,73,75,60,82,80,75,80,65,79,50,80,59,54,50,69,80,53,50,69,70,47,31,59,55,56,56,80,67,60,59,35,58,53,62,80,78,2485
Bradley Beal,85,88,86,87,71,80,95,81,76,83,62,87,98,78,82,69,89,30,84,55,55,54,95,92,80,82,88,76,85,71,58,45,66,42,52,75,75,65,40,47,42,52,90,90,2763
Malik Beasley,81,91,82,87,77,75,75,78,75,75,55,79,93,85,84,62,80,45,78,63,65,41,50,76,63,69,79,68,70,31,53,48,66,40,32,75,60,54,45,44,35,53,60,78,2494
MarJon Beauchamp,74,88,81,83,68,65,60,75,76,76,52,82,89,70,80,55,79,40,70,29,42,44,65,74,61,65,70,70,67,32,57,54,69,36,45,74,65,69,45,52,47,57,60,80,2418
Jules Bernard,73,69,75,76,78,75,65,68,63,61,48,70,85,65,83,53,75,40,60,30,45,48,60,69,64,65,70,60,62,61,51,54,64,36,37,64,68,40,45,57,60,54,65,73,2318
Davis Bertans,78,78,70,82,88,75,75,65,57,55,64,52,80,80,68,64,69,65,65,43,66,52,60,88,47,38,72,47,45,33,57,64,40,56,56,63,69,58,50,40,32,47,80,76,2358
Patrick Beverley,71,87,52,77,81,80,50,77,76,76,60,61,90,95,78,45,70,25,45,30,35,30,38,85,75,75,78,75,77,68,73,70,88,42,58,88,86,63,90,53,43,62,65,79,2528
Saddiq Bey,79,71,71,74,80,95,85,75,63,63,69,70,87,90,81,61,80,45,60,43,42,52,84,84,61,64,76,57,75,31,64,64,75,40,37,79,77,72,70,63,66,59,75,80,2586
Goga Bitadze,68,84,62,65,71,75,50,69,53,54,80,63,80,75,80,66,50,75,65,72,67,74,40,85,56,54,60,52,69,43,54,64,25,43,92,30,80,40,55,83,86,80,80,76,2449
Onuralp Bitim,70,70,75,75,75,65,60,72,62,62,65,69,84,80,80,57,70,40,65,50,51,49,50,82,59,66,69,60,69,32,49,50,57,32,45,64,59,50,35,45,37,52,70,71,2297
Bismack Biyombo,55,84,62,25,51,60,50,71,48,48,80,63,79,95,83,62,60,80,68,48,45,54,69,75,39,25,35,25,74,38,64,82,50,33,82,55,85,54,70,73,66,79,50,73,2303
Anthony Black,75,78,65,83,57,98,70,78,75,75,58,75,92,90,80,59,83,35,75,48,52,52,44,85,72,80,86,74,77,41,63,43,75,43,56,78,68,72,65,47,41,52,98,84,2603
Leaky Black,64,67,65,75,74,75,25,74,75,69,50,77,85,80,80,52,66,40,80,42,38,40,38,70,52,55,60,63,50,32,63,59,69,48,65,73,70,65,55,54,42,66,95,76,2354
Buddy Boeheim,71,68,77,78,84,70,50,67,57,57,44,70,80,80,80,54,70,45,60,44,47,48,40,80,56,62,68,57,62,31,50,42,59,43,45,59,52,55,45,46,44,48,65,73,2239
Bogdan Bogdanovic,87,94,89,82,92,70,95,75,75,75,63,78,89,67,77,64,79,50,65,62,57,57,59,85,73,74,79,73,79,59,58,51,63,56,50,75,60,60,50,43,36,50,95,80,2650
Bojan Bogdanovic,77,92,90,83,77,70,50,73,67,62,60,72,93,75,84,60,79,40,70,49,60,64,50,70,68,77,74,66,82,40,59,54,72,37,32,72,75,62,70,42,33,50,70,80,2503
Bol Bol,80,95,82,79,76,80,70,68,68,68,65,69,80,50,77,71,69,85,70,70,68,70,62,75,50,50,70,60,40,30,57,72,52,37,83,58,64,49,40,75,65,85,50,78,2511
Marques Bolden,51,68,60,30,68,50,30,73,59,58,65,77,85,85,84,61,64,70,65,64,52,62,32,80,32,30,35,34,32,29,56,70,40,40,84,42,74,55,40,75,67,82,50,70,2182
Devin Booker,94,97,94,87,91,95,98,82,83,80,59,79,95,95,81,79,96,30,75,74,79,85,97,98,91,95,93,83,96,86,65,58,77,40,50,75,74,75,70,45,38,52,95,96,3021
Brandon Boston Jr.,76,78,74,67,76,75,85,75,79,79,50,80,80,75,83,50,79,30,80,30,30,30,44,78,62,64,76,75,66,30,53,49,62,46,61,72,52,50,30,54,57,51,45,76,2344
Chris Boucher,69,82,71,76,78,65,40,73,57,55,80,74,89,80,77,73,74,85,80,72,64,72,50,85,37,33,41,25,59,28,57,76,37,38,72,42,78,50,60,75,68,81,80,78,2452
James Bouknight,68,65,72,76,67,60,65,80,87,87,54,90,87,75,80,55,75,35,85,30,37,38,60,82,69,69,80,84,68,42,57,44,69,41,45,80,68,69,40,47,33,60,60,79,2438
Jamaree Bouyea,63,76,67,73,72,50,40,76,83,83,41,70,85,85,82,44,76,25,45,27,35,31,40,75,75,75,76,83,70,72,60,42,68,70,45,74,65,67,50,38,30,45,50,72,2315
Malaki Branham,80,74,81,78,88,75,85,76,82,82,55,75,86,70,80,64,80,60,75,47,44,49,62,95,63,59,69,74,59,54,51,45,63,35,35,77,54,52,45,40,34,45,65,82,2470
Christian Braun,71,67,56,82,76,75,70,80,83,83,46,83,93,90,80,52,79,25,80,25,55,36,45,72,64,69,69,74,68,40,67,40,79,41,57,82,78,80,80,58,52,63,80,82,2535
Mikal Bridges,80,85,76,82,86,75,75,83,80,80,68,85,92,95,84,65,75,40,75,55,57,57,80,80,77,78,82,72,88,63,74,69,88,42,47,89,82,86,85,46,37,55,60,87,2792
Miles Bridges,81,82,73,78,86,80,85,79,75,72,73,82,88,75,85,76,88,60,90,59,60,80,88,79,70,69,76,71,74,58,58,60,59,40,51,76,62,68,45,58,40,75,75,83,2720
Oshae Brissett,73,83,67,68,68,75,75,76,63,67,75,79,85,80,83,68,77,70,75,64,62,59,54,81,50,47,59,52,54,36,48,57,40,43,51,52,57,50,35,70,74,66,65,76,2424
Izaiah Brockington,68,70,68,72,75,75,50,71,74,74,40,70,88,70,84,45,71,25,50,32,30,29,40,85,67,67,74,74,68,52,54,54,65,37,45,66,60,59,45,42,34,50,70,75,2267
Malcolm Brogdon,81,78,74,86,77,80,90,79,77,77,56,72,93,95,84,64,87,40,70,44,45,40,92,92,84,89,86,77,92,76,65,65,77,40,40,80,77,74,65,48,38,57,60,83,2725
Armoni Brooks,77,76,79,72,81,75,80,70,70,70,45,66,80,80,81,49,69,30,55,39,36,28,65,70,65,70,76,69,69,41,52,32,64,46,51,70,60,48,45,45,37,52,50,72,2299
Dillon Brooks,71,76,86,79,84,60,40,80,75,75,65,75,88,95,85,66,74,35,75,55,59,64,78,85,59,59,74,69,58,34,75,67,91,42,35,91,90,90,90,43,37,48,70,81,2634
Bruce Brown,82,88,86,75,80,85,80,81,78,78,75,80,92,80,84,55,78,30,70,28,34,42,65,95,74,79,79,76,87,50,65,58,77,43,45,77,79,75,65,51,40,61,70,80,2644
Charlie Brown Jr.,69,75,76,79,82,55,45,69,73,73,55,75,80,45,83,49,79,40,45,30,45,38,42,70,60,62,77,70,60,29,53,40,65,51,60,67,63,40,35,60,67,52,40,73,2236
Greg Brown III,58,66,65,68,70,50,30,77,78,78,40,98,80,80,83,60,66,75,80,52,49,52,40,68,50,45,68,65,35,35,60,62,62,59,76,65,60,53,45,62,56,68,98,76,2396
Jaylen Brown,91,97,96,85,72,98,98,83,79,79,69,84,95,95,82,79,96,40,89,67,69,80,95,95,76,78,78,76,84,64,76,70,87,53,53,87,86,87,85,52,45,59,95,93,3040
Kendall Brown,67,70,68,73,69,80,40,75,74,74,44,84,85,81,80,54,67,57,80,39,38,40,34,80,65,70,71,67,69,50,62,59,68,55,52,68,65,65,60,43,39,47,30,75,2367
Kobe Brown,69,80,72,72,79,50,60,73,60,60,74,66,88,85,80,65,72,60,65,64,64,64,50,80,56,62,60,57,64,35,56,62,62,43,53,62,60,57,45,54,54,53,60,80,2414
Moses Brown,54,73,46,26,46,80,50,64,42,40,74,75,75,60,80,62,76,75,60,52,42,64,55,75,42,44,44,35,58,30,58,72,52,40,72,54,72,58,45,90,89,91,50,73,2245
Troy Brown Jr.,71,69,83,76,85,70,40,73,70,71,58,69,85,80,81,60,70,30,70,54,59,54,65,80,65,75,77,61,75,39,59,48,72,42,32,78,72,71,55,54,42,66,40,74,2438
Jalen Brunson,93,98,93,86,87,98,98,82,84,84,60,75,98,95,81,66,98,40,35,50,56,50,98,98,91,96,95,84,98,83,62,55,73,41,35,78,72,70,75,42,34,49,98,94,2892
Thomas Bryant,72,93,69,65,82,50,70,74,62,57,80,52,88,95,82,72,70,75,65,76,76,76,58,78,45,40,53,53,42,35,56,63,40,38,74,57,79,50,45,79,71,87,25,76,2447
Kobe Bufkin,71,80,79,70,83,60,55,78,86,86,40,80,95,80,80,56,80,30,75,42,44,43,40,90,77,72,87,86,73,68,53,48,64,49,42,76,54,52,40,45,41,49,70,82,2471
Reggie Bullock,79,87,81,84,70,70,80,71,63,67,50,72,80,85,80,51,71,40,50,30,51,42,60,66,61,75,71,56,72,29,63,50,75,42,51,75,70,71,70,50,32,68,50,75,2411
Alec Burks,85,79,80,84,90,85,90,74,78,78,48,69,89,72,85,65,84,40,69,40,58,78,70,77,68,72,79,76,73,41,59,45,72,38,47,72,74,70,55,45,36,54,80,79,2606
Jared Butler,76,90,65,73,82,70,75,76,80,80,50,78,83,80,80,53,74,25,65,28,41,37,60,95,75,69,82,80,68,75,55,30,60,73,51,74,55,47,50,41,33,48,70,76,2452
Jimmy Butler,89,89,81,83,89,98,95,86,84,84,76,82,97,98,81,81,94,40,80,80,80,80,98,98,83,85,86,82,89,71,82,80,90,75,45,92,92,92,90,55,55,54,90,93,3148
Jamal Cain,72,77,59,76,77,75,65,71,66,66,60,75,80,70,83,63,80,65,70,59,55,57,40,75,47,44,53,60,49,27,60,60,68,73,57,68,55,50,50,53,57,48,60,71,2380
Kentavious Caldwell-Pope,80,86,94,87,90,60,60,80,85,82,60,69,92,85,84,55,76,35,73,35,58,35,40,90,70,75,75,80,82,38,71,45,84,59,55,84,82,82,80,37,32,41,45,78,2593
Toumani Camara,75,75,67,77,68,85,80,72,63,61,65,73,80,85,80,67,77,60,75,59,59,59,62,85,54,58,65,58,57,33,60,60,60,56,56,60,65,64,60,64,66,61,98,80,2552
Clint Capela,58,86,50,25,64,70,50,79,58,57,85,80,92,97,83,72,70,95,80,71,48,69,74,70,36,34,48,30,35,33,70,84,53,38,85,60,86,74,80,92,96,88,60,85,2543
Jevon Carter,83,92,89,76,82,80,80,75,76,78,60,71,85,76,81,44,75,25,35,32,34,30,40,80,70,75,79,76,70,49,65,34,79,53,56,83,72,75,70,35,31,38,70,74,2461
Wendell Carter Jr.,79,81,82,81,72,75,80,76,68,55,82,68,85,90,81,80,78,80,75,82,82,81,75,85,52,56,50,47,70,39,62,78,47,40,58,50,80,70,70,75,68,82,85,83,2711
D.J. Carton,68,75,73,79,78,50,55,78,82,80,49,85,85,85,80,52,74,25,75,28,38,35,52,85,72,75,79,82,63,63,52,45,66,45,30,72,55,60,40,42,40,43,40,70,2336
Alex Caruso,73,83,85,84,77,60,50,74,82,82,31,72,85,85,81,52,70,35,75,30,43,29,45,90,76,78,78,82,80,63,84,51,91,90,74,92,90,92,95,48,41,54,50,80,2655
Colin Castleton,57,73,64,40,73,50,40,68,58,54,63,63,80,75,80,62,64,65,65,60,61,62,38,80,48,50,57,33,60,38,50,62,32,32,70,34,62,54,50,65,64,65,60,70,2201
Malcolm Cazalon,64,72,66,71,77,50,50,72,74,74,42,82,80,75,80,52,69,30,70,48,44,38,37,80,57,62,64,64,64,33,66,55,71,70,51,79,68,70,60,52,49,54,50,74,2347
Julian Champagnie,74,65,74,80,78,75,70,69,69,69,37,67,85,75,80,53,74,40,60,43,44,52,41,73,60,66,68,65,64,38,56,45,67,46,63,68,55,66,40,48,40,55,95,74,2366
Justin Champagnie,72,70,67,72,71,85,65,74,73,73,40,78,80,92,80,58,74,65,75,48,44,40,45,75,59,62,65,66,62,41,56,49,52,59,71,68,55,52,40,66,66,65,85,73,2443
Max Christie,77,90,80,79,75,70,70,81,87,87,55,82,98,80,80,55,70,35,80,39,42,42,41,90,63,68,70,78,66,35,55,44,63,37,56,70,60,57,50,48,34,61,60,78,2459
Sidy Cissoko,59,66,67,60,65,60,35,76,74,74,58,80,89,80,80,58,70,50,75,48,47,47,40,85,59,61,68,66,60,38,63,59,66,73,57,75,68,54,50,54,55,52,75,76,2403
Brandon Clark,66,97,86,57,72,55,30,83,84,83,64,82,90,95,80,73,87,80,84,63,62,62,64,80,60,59,69,65,62,46,73,78,75,43,81,78,78,72,75,73,71,75,60,79,2723
Jordan Clarkson,82,91,81,79,83,80,80,78,79,82,54,85,80,80,83,59,90,25,75,30,37,38,80,98,80,79,88,79,81,72,50,43,65,37,32,73,58,49,40,44,41,47,60,79,2533
Nic Claxton,69,85,74,64,63,75,50,78,69,69,71,79,90,89,80,72,75,80,75,72,64,72,55,80,44,40,49,44,48,41,76,89,79,38,89,77,90,64,85,79,69,89,70,85,2677
Noah Clowney,70,72,69,75,70,75,60,75,64,64,64,75,90,85,80,70,72,80,80,60,59,60,65,85,55,57,59,57,68,33,61,68,57,38,78,59,67,66,55,65,62,67,75,80,2550
Amir Coffey,78,93,82,82,78,70,60,72,75,75,52,75,80,70,79,56,84,25,40,38,53,54,69,81,66,72,75,75,74,33,56,47,64,42,47,69,68,64,50,42,36,47,50,75,2403
John Collins,77,95,69,81,75,70,70,80,71,65,75,85,92,85,84,80,84,90,90,77,75,83,52,85,49,37,60,50,66,31,57,74,49,37,68,57,74,38,60,76,67,85,70,82,2658
Zach Collins,81,90,70,75,81,80,90,73,66,65,60,79,78,80,80,71,78,70,65,72,70,85,50,75,41,30,40,38,30,68,58,68,45,38,67,57,70,65,50,68,65,70,75,79,2514
Mike Conley,83,91,67,88,95,85,70,78,83,84,40,92,85,80,82,46,76,25,30,25,40,29,60,84,85,90,89,83,90,74,68,31,83,59,42,82,83,80,80,41,35,47,85,83,2627
Pat Connaughton,66,68,69,80,66,70,45,78,77,78,45,95,80,90,83,57,84,30,86,35,34,30,66,90,67,69,78,65,78,45,61,35,75,38,50,74,74,75,70,48,41,55,65,77,2465
Bilal Coulibaly,69,66,48,78,63,95,65,81,82,82,63,85,92,80,80,63,80,60,85,50,50,50,50,80,60,68,69,64,62,35,74,67,80,70,62,85,78,78,75,49,41,57,95,85,2655
Ricky Council IV,75,80,75,76,79,70,70,76,74,70,60,80,85,85,80,57,76,45,75,40,40,40,57,80,59,67,68,70,54,35,51,52,60,42,32,65,54,55,50,54,51,56,70,74,2392
Robert Covington,75,86,69,77,88,70,60,73,68,69,62,70,85,75,82,59,76,55,65,59,58,59,30,70,56,60,65,65,60,31,81,79,81,92,72,80,80,80,80,62,60,63,60,78,2619
Torrey Craig,73,80,54,83,78,95,50,63,63,61,49,73,80,35,80,58,79,35,60,50,62,55,50,70,52,52,69,58,50,33,71,74,79,42,61,80,79,75,75,64,61,66,75,76,2447
Jae Crowder,70,90,83,79,68,60,40,81,68,69,82,73,93,93,89,67,77,70,60,63,65,70,47,85,64,65,75,66,83,33,70,70,78,46,42,79,80,90,75,48,40,55,40,77,2618
Jalen Crutcher,69,74,72,80,80,60,45,76,84,84,48,78,80,76,79,41,74,25,35,30,31,30,35,70,76,75,78,84,74,68,47,40,60,40,26,70,50,52,35,35,33,37,55,70,2217
Cade Cunningham,91,85,92,82,88,98,98,82,83,83,62,80,94,90,80,71,88,40,75,60,62,60,88,98,81,67,86,83,84,84,66,59,75,41,47,80,75,76,75,45,33,57,98,89,2895
Seth Curry,82,86,73,80,93,80,80,73,78,78,41,68,89,80,80,43,85,25,36,27,35,30,35,69,68,75,78,77,75,37,49,25,57,59,42,68,54,55,35,45,42,48,70,78,2323
Steph Curry,96,97,90,99,93,98,98,82,84,84,48,73,98,98,86,58,96,25,36,35,52,35,90,98,89,93,97,84,97,72,62,30,75,38,50,77,78,85,65,45,33,57,95,99,2838
Dyson Daniels,72,94,72,73,67,60,65,78,79,84,52,75,89,85,80,57,81,25,75,44,55,47,44,85,78,82,86,79,82,61,75,57,79,96,57,80,78,78,75,56,50,61,65,83,2680
Anthony Davis,87,93,79,70,82,98,98,87,79,78,92,86,97,98,78,90,85,90,88,86,89,89,95,95,67,60,75,67,72,61,83,94,80,46,87,78,93,90,95,81,72,90,98,95,3198
Johnny Davis,64,70,60,76,70,60,50,74,78,78,54,75,85,70,80,61,80,40,70,49,51,47,69,80,65,70,82,70,70,32,62,68,73,42,52,79,68,55,60,44,40,48,60,83,2444
JD Davison,65,70,73,71,73,50,50,74,85,85,54,84,88,45,80,50,72,25,85,30,31,38,40,80,78,72,86,84,75,72,55,25,56,69,61,77,55,54,45,46,36,55,60,76,2367
DeMar DeRozan,89,96,93,76,82,90,95,83,82,82,73,88,88,80,91,78,88,55,80,65,78,87,83,85,76,73,83,80,75,70,61,50,70,43,55,76,70,59,65,43,33,53,85,89,2866
Donte DiVincenzo,87,88,83,86,72,98,95,84,87,87,60,95,90,85,81,53,75,25,75,28,45,38,64,70,73,77,79,81,74,53,75,58,82,70,53,84,84,88,80,46,40,52,95,82,2759
Moussa Diabate,59,65,68,67,61,50,40,74,73,73,60,78,80,75,80,58,67,65,80,50,50,51,35,68,45,42,40,66,52,27,58,65,41,53,75,56,65,50,55,70,87,52,70,76,2308
Mamadi Diakite,61,69,69,66,73,65,25,76,74,74,65,78,80,80,80,60,62,75,75,50,44,52,40,80,40,42,37,44,47,32,57,66,45,38,83,59,69,52,45,57,52,62,50,71,2270
Hamidou Diallo,73,92,79,60,59,75,70,81,85,85,52,97,85,80,81,59,87,45,93,31,29,38,74,75,70,75,79,79,79,37,62,40,65,80,53,77,60,78,40,61,56,65,45,77,2557
Gradey Dick,79,84,73,82,85,70,80,76,73,72,54,78,89,85,80,55,82,35,75,36,47,40,44,80,64,70,77,70,68,34,58,55,73,41,27,74,69,73,50,42,36,48,95,82,2486
Ousmane Dieng,73,76,73,72,65,90,60,76,78,78,49,79,88,80,80,58,69,45,75,45,48,48,47,90,65,69,70,75,70,42,49,54,62,28,25,73,54,52,40,49,41,57,98,82,2427
Spencer Dinwiddie,69,83,52,77,79,60,60,77,82,82,45,75,95,85,77,63,83,35,55,49,52,52,80,98,84,88,88,82,90,71,60,42,74,40,47,77,68,59,70,40,32,47,50,81,2562
Luka Doncic,92,97,88,88,83,98,98,86,84,84,72,79,98,98,85,86,98,65,75,85,85,87,98,98,95,98,98,83,98,97,68,66,74,53,52,75,74,76,75,77,68,85,98,99,3212
Luguentz Dort,73,82,71,83,82,60,60,83,79,78,70,87,92,94,80,61,87,50,85,40,38,44,60,85,61,62,72,76,62,32,78,75,90,43,58,90,90,88,90,47,43,50,55,80,2663
Ayo Dosunmu,84,88,91,84,71,85,85,74,76,76,52,75,85,75,80,57,86,25,75,35,50,42,59,87,73,72,79,73,79,61,61,38,69,43,56,78,68,69,65,42,38,45,85,79,2579
Jeff Dowtin,75,74,72,79,76,85,65,70,70,70,30,75,80,84,80,50,70,30,75,35,42,30,40,78,74,75,78,70,75,73,53,30,60,73,40,70,58,52,40,48,36,60,80,71,2381
Henri Drell,63,71,72,72,70,50,40,64,63,57,40,65,80,60,86,55,68,50,60,48,48,48,45,69,54,52,67,60,58,33,49,45,61,38,42,61,54,52,35,57,54,59,90,69,2192
Andre Drummond,52,85,47,47,60,40,30,79,60,58,95,79,89,90,81,72,73,95,85,70,45,75,40,90,49,52,45,49,70,29,69,77,52,83,75,52,74,70,70,98,97,98,60,80,2567
Chris Duarte,66,73,53,79,79,60,50,74,65,65,59,63,92,92,80,61,79,40,70,44,46,46,69,95,65,77,75,60,78,34,62,50,69,56,50,68,68,69,65,51,45,57,65,83,2468
David Duke Jr.,72,68,73,69,79,70,75,72,83,83,55,72,80,45,83,52,70,40,60,30,40,39,70,70,65,62,73,78,60,50,49,40,60,63,35,70,55,37,35,49,52,46,60,76,2306
Kris Dunn,73,93,79,80,77,60,50,81,83,83,56,83,85,90,84,54,70,40,55,39,60,42,44,80,80,75,86,82,84,73,74,40,83,80,60,83,83,82,80,51,47,55,75,76,2677
Kevin Durant,95,97,97,92,87,98,98,82,80,80,63,77,94,90,88,85,96,60,85,74,86,86,97,98,82,78,92,80,88,71,75,75,84,40,68,84,85,75,85,51,33,69,98,99,3127
Jalen Duren,67,97,55,35,57,75,85,81,73,73,81,84,89,90,80,77,79,80,80,75,62,77,79,80,55,59,59,59,50,48,62,72,62,36,62,67,72,66,60,87,79,95,70,84,2686
Tari Eason,80,78,89,80,63,90,80,80,80,80,70,80,85,85,80,62,79,35,80,54,52,51,61,80,55,50,70,72,47,36,71,65,71,90,76,77,70,68,50,79,73,84,98,83,2712
Anthony Edwards,92,95,87,86,85,98,98,87,91,90,62,97,97,90,83,77,94,50,95,60,62,62,98,98,79,74,86,83,79,72,72,59,83,53,52,84,82,80,85,50,36,63,98,95,3042
Kessler Edwards,61,64,72,82,80,40,30,75,72,72,77,70,80,75,80,59,68,60,65,50,50,50,45,80,54,50,64,59,64,31,66,59,75,36,56,74,74,75,75,51,42,60,60,75,2391
Keon Ellis,77,87,74,83,74,75,70,76,81,80,48,79,85,80,80,51,77,25,65,27,40,38,54,78,64,64,74,77,65,42,72,58,75,83,67,70,75,80,65,47,42,52,95,76,2560
Joel Embiid,92,97,97,82,89,90,98,80,69,69,95,69,95,90,76,93,89,90,80,97,96,96,98,98,70,74,57,62,82,77,76,92,68,49,82,68,94,64,90,89,83,94,98,98,3192
Drew Eubanks,81,92,73,54,86,98,85,73,61,62,68,75,80,85,83,71,69,75,70,74,74,74,54,75,41,42,37,38,55,33,55,60,47,38,82,59,59,50,45,74,72,76,50,76,2486
Tosan Evbuomwan,71,84,72,79,80,60,50,74,64,60,58,68,88,95,85,55,66,40,65,52,52,58,35,69,61,69,75,60,69,31,52,57,57,35,51,60,47,55,50,59,60,58,80,71,2365
Dante Exum,75,82,73,83,70,75,65,76,79,82,48,77,80,85,83,54,75,25,60,28,55,40,63,85,75,75,75,79,77,68,60,27,76,37,35,76,76,74,75,47,37,56,75,76,2507
Bruno Fernando,55,77,65,42,70,25,50,80,74,74,85,75,85,85,80,70,79,85,80,64,63,65,50,75,51,52,50,50,65,38,58,64,44,53,76,60,65,62,40,79,77,81,85,74,2484
Dorian Finney-Smith,77,70,71,79,76,90,75,74,67,67,62,83,80,80,81,62,80,40,84,54,50,54,58,72,54,65,60,44,68,34,70,72,83,42,57,82,74,74,75,55,55,55,75,78,2566
Adam Flagler,72,77,77,79,81,65,50,72,72,70,47,70,84,75,87,50,70,40,45,42,44,40,32,85,61,66,69,70,62,40,48,42,57,45,30,64,52,50,40,35,32,37,50,71,2209
Malachi Flynn,80,86,84,76,77,75,80,70,73,73,44,65,83,70,82,45,84,25,25,25,37,25,69,73,73,74,76,73,73,70,59,27,69,63,45,76,69,68,55,46,37,55,70,77,2408
Simone Fontecchio,89,93,87,84,87,95,90,69,55,55,62,55,80,95,80,58,79,40,65,50,50,50,60,69,52,55,58,52,60,36,54,51,65,41,51,66,64,47,45,51,46,55,80,78,2431
Jordan Ford,71,70,78,81,84,65,50,71,72,72,44,68,85,75,80,40,67,25,30,27,34,32,37,69,68,73,71,72,65,57,47,30,55,44,30,65,59,44,45,40,30,49,70,72,2176
Trent Forrest,71,79,72,62,85,60,65,77,82,82,59,75,80,80,80,67,83,40,60,59,62,62,72,95,73,70,76,78,68,73,53,58,60,41,42,70,60,55,40,45,38,52,40,73,2488
De'Aaron Fox,88,97,88,80,73,90,98,84,97,97,46,84,96,90,80,58,97,25,80,25,30,27,92,90,88,85,88,97,88,83,70,34,79,83,51,85,77,77,70,46,38,54,75,91,2837
Javon Freeman-Liberty,69,84,74,71,76,60,50,73,75,75,56,72,85,70,80,53,70,25,65,44,40,40,64,78,67,70,76,69,70,51,50,44,63,40,47,66,50,45,45,55,46,63,95,73,2367
Alex Fudge,57,68,60,63,58,60,35,75,85,79,42,84,80,75,80,53,66,40,80,44,44,31,41,80,58,60,71,73,62,26,46,46,62,30,25,75,50,40,40,44,46,42,50,74,2167
Markelle Fultz,73,85,73,67,78,60,75,80,86,85,56,85,92,75,80,64,84,30,75,42,48,69,79,81,82,86,86,85,83,69,64,50,75,70,55,78,72,69,40,56,61,51,70,80,2685
Andrew Funk,70,73,75,80,78,75,40,67,57,55,57,69,81,68,80,51,65,40,50,40,40,41,50,80,62,68,69,55,62,58,51,45,61,57,50,60,52,44,40,46,44,48,60,75,2242
Wenyen Gabriel,72,93,62,70,62,75,70,74,66,64,69,75,80,85,81,59,70,75,75,52,38,46,44,70,52,55,60,58,59,29,60,69,59,40,68,62,70,54,55,76,83,68,65,75,2451
Daniel Gafford,72,97,65,29,69,85,85,78,75,70,73,80,80,89,80,74,82,85,75,69,67,70,75,70,38,37,35,44,37,37,67,78,57,49,92,59,76,50,75,79,77,81,85,82,2621
Danilo Gallinari,74,81,89,75,86,65,50,69,60,60,66,66,75,80,75,69,76,45,75,66,72,74,70,76,61,66,76,60,60,43,59,69,56,38,45,68,70,62,65,53,41,64,60,79,2504
Darius Garland,80,86,84,82,83,75,70,81,88,88,40,84,95,95,80,52,88,25,40,32,37,42,64,90,88,92,89,88,95,74,56,31,69,56,32,78,69,66,50,38,34,42,60,88,2581
Usman Garuba,63,67,59,82,62,60,50,76,68,68,70,69,85,95,80,63,79,60,70,48,44,48,60,92,58,60,66,60,67,37,72,70,70,66,68,75,72,80,75,83,87,79,40,78,2566
Luka Garza,79,93,70,71,79,75,85,63,40,40,69,48,80,85,80,66,69,60,45,69,69,69,59,85,45,55,35,34,55,44,41,54,30,32,42,32,52,56,30,74,96,51,80,74,2292
Kaiser Gates,71,70,74,79,76,70,55,67,62,62,48,64,85,70,80,44,66,25,55,37,37,28,40,61,56,55,74,60,57,35,45,30,57,36,25,64,52,54,40,41,34,47,80,75,2119
Keyonte George,83,86,72,79,82,95,85,76,79,78,55,72,84,85,80,61,83,40,65,47,49,48,65,90,81,85,87,78,85,71,51,34,65,36,32,75,57,58,50,40,29,51,98,84,2594
Paul George,90,94,87,85,93,85,95,83,79,79,70,88,95,75,93,71,89,55,85,40,70,75,75,80,76,78,87,79,75,62,78,79,87,66,52,87,88,80,85,49,33,64,85,90,2964
Taj Gibson,67,83,82,50,71,70,45,68,49,46,83,58,75,85,83,72,65,75,65,81,80,79,52,77,38,33,35,32,54,38,61,69,58,43,61,57,78,62,60,62,63,60,50,76,2383
Josh Giddey,73,85,85,76,78,65,50,79,79,79,60,74,88,90,80,67,89,45,65,55,58,55,80,90,86,96,89,79,95,73,62,50,69,40,60,73,69,66,65,69,57,80,60,84,2731
Harry Giles,64,75,79,61,77,50,40,73,68,67,65,75,75,80,79,70,74,80,75,70,68,70,45,80,52,65,40,39,74,43,54,65,40,38,70,60,70,55,35,76,68,84,25,77,2401
Shai Gilgeous-Alexander,94,98,95,82,92,98,98,85,86,86,60,85,97,98,80,77,97,40,75,66,73,72,98,98,93,97,94,85,98,90,82,68,83,88,66,83,84,95,85,58,48,68,98,97,3201
Anthony Gill,72,84,72,65,76,70,65,75,69,67,60,79,80,88,80,65,70,75,75,62,60,60,40,74,48,38,54,53,55,40,54,66,60,41,58,50,50,58,50,62,65,59,70,73,2411
Jacob Gilyard,70,60,73,84,87,70,45,76,88,88,32,80,85,80,80,42,70,25,25,28,28,25,57,78,83,84,86,88,82,73,57,30,68,59,42,80,60,60,60,36,31,40,70,73,2374
Rudy Gobert,62,81,54,25,61,80,70,69,48,25,89,57,90,95,81,72,60,90,75,65,58,65,70,90,43,68,35,25,58,31,77,97,64,37,86,65,97,74,98,88,85,91,98,87,2625
Jordan Goodwin,76,69,71,72,87,75,80,71,75,75,49,55,80,85,80,51,78,25,35,33,43,48,66,80,74,78,78,68,78,70,65,47,71,66,56,76,70,65,70,70,70,70,75,75,2544
Aaron Gordon,78,84,61,71,56,98,98,82,71,67,72,92,95,95,84,80,86,85,94,58,60,74,85,95,63,65,62,66,60,60,73,78,83,40,56,83,80,82,80,73,73,73,90,85,2897
Eric Gordon,79,81,82,83,79,70,80,79,79,79,60,82,92,85,78,60,79,30,70,35,63,50,60,94,68,69,79,78,73,40,60,42,73,49,53,75,73,68,50,35,30,40,70,76,2549
Devonte' Graham,70,74,76,72,75,70,50,77,82,82,34,79,95,85,83,53,80,25,60,30,32,36,66,95,81,82,86,82,83,70,55,30,70,42,37,76,65,68,55,43,33,52,50,76,2438
Jerami Grant,81,81,88,84,83,70,80,82,77,77,69,78,95,94,82,77,89,80,85,62,59,69,75,95,68,69,76,72,70,51,67,70,69,37,58,76,77,72,75,43,35,50,70,82,2781
RaiQuan Gray,62,68,72,77,64,50,40,75,66,66,70,75,82,85,84,65,70,65,75,57,57,57,47,95,62,67,67,63,60,51,58,60,52,65,59,62,52,65,45,64,57,70,50,72,2439
A.J. Green,78,60,80,85,90,75,80,70,69,69,42,75,80,75,80,49,71,40,40,34,34,48,45,80,60,61,70,68,68,32,50,40,63,33,40,66,50,60,45,41,33,48,75,72,2276
Danny Green,69,80,80,83,77,60,35,68,59,59,60,69,75,75,82,46,60,40,45,30,54,35,30,75,60,72,70,59,70,31,73,66,85,66,60,85,83,60,80,42,37,47,60,76,2370
Draymond Green,75,94,70,80,83,65,55,80,73,74,85,66,85,90,88,62,70,55,65,60,59,63,40,85,79,83,78,69,92,74,82,93,86,53,68,82,93,84,95,68,52,83,65,88,2843
Jalen Green,85,79,83,80,80,90,98,82,88,88,55,92,88,85,80,72,89,40,91,56,56,56,89,95,78,77,86,84,79,65,60,45,73,40,50,77,70,68,60,49,33,65,95,88,2813
Javonte Green,75,73,70,82,67,80,75,73,72,74,46,85,80,75,82,63,79,25,85,52,52,52,60,95,59,60,72,69,68,28,74,74,77,66,75,69,74,80,75,76,68,83,70,77,2646
Jeff Green,74,88,75,76,82,70,55,76,63,57,70,84,89,85,82,73,79,65,80,70,68,72,68,85,59,69,74,50,70,33,61,69,70,32,62,75,68,54,60,48,43,52,60,76,2580
Josh Green,69,69,77,82,62,60,65,82,86,86,60,80,89,90,83,56,75,30,80,35,34,30,69,95,65,70,70,72,70,42,64,35,79,43,37,83,79,78,75,45,39,51,95,77,2532
AJ Griffin,73,95,82,66,89,60,45,82,84,84,64,87,90,85,80,63,80,60,85,51,52,52,40,80,63,69,71,79,69,29,56,69,70,30,25,77,69,60,50,42,34,50,45,79,2486
Quentin Grimes,77,72,68,79,80,85,75,79,86,86,63,75,85,80,80,57,75,25,70,39,58,42,65,80,64,70,74,79,65,34,66,46,83,46,32,83,80,78,80,40,33,47,70,80,2548
Mouhamadou Gueye,52,64,62,60,55,40,30,71,57,55,65,75,80,80,83,61,65,70,70,54,52,54,44,78,46,47,57,47,50,30,55,60,55,40,85,59,54,52,35,71,74,67,60,71,2236
Mouhamed Gueye,61,68,67,66,63,60,40,74,67,67,63,75,88,80,80,63,65,70,75,52,51,52,58,80,56,60,60,52,62,44,53,60,48,52,60,55,57,50,45,76,86,65,50,72,2365
Rui Hachimura,85,81,90,82,77,85,95,80,72,74,79,80,90,85,80,74,73,80,80,74,70,72,60,85,55,51,72,67,54,32,52,60,54,38,51,67,59,50,35,52,43,60,90,80,2627
Ashton Hagans,71,63,70,74,79,65,75,73,87,87,35,79,80,65,80,51,78,25,65,28,29,40,65,80,74,68,75,86,68,71,60,33,67,49,66,76,65,69,55,51,48,54,40,75,2414
Tyrese Haliburton,91,97,98,82,88,90,90,80,83,83,59,70,95,90,80,64,90,40,65,42,49,40,92,95,94,98,92,83,98,97,69,60,77,53,56,76,78,75,75,45,34,55,80,95,2900
R.J. Hampton,72,82,82,75,75,45,75,80,90,90,54,83,89,70,83,63,83,40,75,54,57,50,50,98,75,75,83,88,77,52,53,49,71,25,25,77,60,63,50,40,40,40,50,76,2501
Tim Hardaway Jr.,77,76,82,78,88,70,65,75,68,72,55,78,85,83,83,58,86,35,78,36,53,38,70,71,68,75,78,68,84,37,52,45,70,37,30,75,63,58,40,42,30,54,70,79,2443
James Harden,79,75,81,85,87,65,80,88,85,85,71,87,98,97,95,76,92,35,84,60,74,69,94,98,87,82,97,85,94,78,65,62,70,43,61,75,63,82,65,48,33,63,50,93,2893
Jaden Hardy,78,71,82,80,67,80,85,77,83,83,39,85,84,85,80,62,80,40,80,47,49,49,66,85,74,75,83,76,75,61,49,34,55,38,35,76,50,51,50,46,36,55,65,80,2495
Ron Harper Jr.,68,70,72,76,79,60,50,70,69,69,47,70,80,75,80,54,72,40,70,44,45,30,47,85,56,58,72,63,55,33,54,42,60,43,47,69,60,52,55,40,34,46,40,71,2230
Gary Harris,77,93,79,81,79,70,60,76,75,75,53,78,85,80,83,56,84,40,50,28,51,47,60,85,67,75,76,70,75,37,69,68,82,56,50,80,80,55,80,38,36,40,75,76,2547
Joe Harris,77,71,76,82,64,98,70,72,69,69,40,67,90,85,83,47,70,25,45,30,48,32,40,88,64,72,73,67,74,34,53,34,66,35,42,69,58,63,55,37,34,39,50,78,2285
Kevon Harris,69,75,72,81,76,50,60,75,71,71,58,78,85,84,80,57,75,40,75,33,56,45,49,79,59,64,69,69,65,29,55,60,62,53,51,64,45,60,45,55,59,51,30,70,2339
Tobias Harris,84,89,85,80,90,80,80,77,75,59,73,79,97,73,82,76,82,65,75,70,70,86,68,95,69,77,79,56,78,53,59,59,58,43,57,67,66,64,60,56,43,69,70,83,2735
Shaquille Harrison,58,61,49,77,78,40,45,77,73,75,45,89,90,85,81,54,79,40,70,34,40,33,52,84,76,79,77,71,79,75,73,40,80,83,55,83,79,89,75,54,30,77,25,73,2490
Josh Hart,82,74,72,79,75,98,95,82,81,83,64,69,99,99,82,62,86,25,70,39,58,42,78,95,75,73,79,79,80,63,64,63,72,42,45,78,70,70,75,82,80,84,98,83,2797
Isaiah Hartenstein,70,95,70,55,67,75,60,76,62,62,84,70,80,95,77,67,77,75,65,56,57,59,72,75,52,50,56,42,60,52,61,69,41,70,81,50,68,54,55,86,90,82,98,81,2587
Sam Hauser,83,77,84,87,89,80,80,72,61,61,66,62,85,88,80,56,60,40,60,44,45,45,55,95,48,50,43,55,60,32,50,48,55,38,52,62,52,44,45,50,39,60,95,76,2350
Jordan Hawkins,81,80,73,83,87,80,80,72,70,71,48,67,89,80,80,53,77,25,60,37,48,44,55,80,65,72,75,68,75,35,55,45,65,35,40,72,67,64,50,46,38,53,70,80,2418
Jaxson Hayes,67,92,68,60,56,65,60,74,58,60,72,75,80,95,80,71,71,85,80,68,54,65,52,90,36,29,38,41,40,30,63,78,48,53,68,64,79,45,65,68,67,68,60,77,2436
Killian Hayes,74,89,79,73,70,70,65,77,79,79,56,70,89,85,83,55,74,25,60,35,55,60,45,85,79,82,83,75,84,72,65,49,73,59,56,77,69,70,65,43,31,55,80,77,2583
Gordon Hayward,74,80,79,83,77,60,65,77,80,77,63,75,88,80,78,64,79,40,75,40,65,58,65,91,75,74,77,77,79,67,62,56,73,46,50,76,73,58,65,50,41,58,50,84,2602
Scoot Henderson,73,72,77,76,77,65,70,85,95,95,53,95,95,80,80,61,83,35,94,44,44,44,49,95,82,79,86,95,77,74,57,41,66,41,42,85,65,67,50,45,41,48,90,88,2653
Taylor Hendricks,79,88,75,81,80,75,75,77,72,72,62,78,92,85,80,64,82,60,75,54,54,54,47,85,57,55,69,69,62,30,65,68,68,46,71,75,67,62,60,62,55,69,80,81,2613
Tyler Herro,87,93,80,83,88,80,95,75,79,78,59,72,85,75,80,63,92,30,60,37,55,48,84,95,78,79,83,74,84,71,54,46,69,38,30,70,65,60,50,50,32,67,70,88,2624
Buddy Hield,81,88,80,88,82,65,85,72,75,78,41,78,90,60,82,55,75,25,65,28,45,48,59,94,70,70,79,74,70,57,57,48,69,46,56,74,54,60,50,46,40,52,90,80,2500
Haywood Highsmith,82,92,70,83,81,90,75,71,70,70,50,79,80,65,86,54,68,35,50,52,54,52,44,80,55,55,70,64,55,33,71,60,79,56,61,81,78,77,75,53,51,55,80,76,2532
Nate Hinton,64,60,70,76,76,60,40,77,80,80,57,84,80,75,80,58,70,40,75,49,51,58,42,80,58,60,66,70,62,31,52,40,62,36,56,73,58,54,35,59,57,60,60,71,2334
D'Moi Hodge,65,70,72,74,73,60,40,72,76,72,48,79,85,65,80,55,68,45,65,40,45,49,55,69,61,66,71,69,65,34,55,48,69,53,32,76,60,50,50,49,49,48,60,70,2300
Aaron Holiday,83,95,74,82,84,85,75,73,76,77,49,56,85,85,84,48,70,25,60,25,45,32,47,80,77,82,86,76,82,61,55,34,68,46,35,75,67,69,45,40,34,46,60,76,2433
Jrue Holiday,84,96,71,86,83,85,85,77,79,79,49,68,90,92,80,59,89,25,65,30,72,40,49,98,81,84,86,79,88,68,80,66,95,41,61,96,89,93,95,52,46,58,95,87,2838
Justin Holiday,77,74,75,84,82,75,70,72,66,71,45,82,85,80,78,56,73,60,73,40,42,43,50,63,61,65,72,60,69,38,67,60,75,63,47,75,74,78,65,38,31,44,80,74,2481
Richaun Holmes,63,80,70,62,67,35,65,76,57,55,82,81,80,95,82,71,78,85,75,70,57,70,50,80,45,42,58,38,54,31,56,75,40,36,68,56,68,55,50,84,88,80,65,79,2459
Chet Holmgren,88,95,86,82,87,90,90,75,75,75,45,75,87,90,80,78,79,75,75,72,74,68,85,95,59,60,65,67,59,43,74,85,59,38,92,69,88,78,85,74,64,83,90,93,2898
Jalen Hood-Schifino,71,73,79,65,77,70,60,75,79,79,48,72,85,85,80,57,74,35,65,49,49,52,44,90,77,78,82,79,77,68,58,52,74,40,45,78,60,59,55,40,31,49,70,81,2488
Al Horford,76,94,83,85,71,75,45,74,53,48,91,69,95,85,78,71,65,70,65,76,84,83,37,84,58,79,50,33,84,46,72,82,68,38,71,67,85,78,85,63,51,75,85,82,2695
Talen Horton-Tucker,74,78,42,76,80,90,80,76,70,70,69,73,85,85,80,67,82,30,80,52,60,57,78,95,78,84,82,68,84,72,64,44,74,66,56,78,70,70,50,44,36,52,75,79,2652
Danuel House Jr.,69,50,74,79,75,65,70,70,63,60,50,75,85,75,83,64,78,80,75,47,51,47,58,79,60,69,70,60,69,34,61,52,75,40,32,76,70,70,75,44,41,46,50,74,2422
Caleb Houstan,72,74,76,81,78,70,50,72,78,78,40,72,86,70,80,43,70,25,25,32,32,32,44,80,60,62,70,72,65,29,61,47,75,36,37,78,75,68,75,45,45,45,95,78,2325
Jett Howard,69,74,78,79,80,55,50,74,69,69,58,72,90,80,80,58,74,35,65,50,54,54,47,85,63,69,73,66,65,44,57,55,67,43,56,69,72,52,45,51,43,58,50,82,2407
Kevin Huerter,79,95,69,81,76,70,80,77,84,78,50,75,85,85,83,55,87,30,65,25,58,35,50,90,72,74,79,72,76,57,58,44,64,42,52,72,63,64,60,49,38,60,60,78,2506
Jay Huff,66,77,72,77,77,50,40,66,48,47,62,62,80,85,77,62,64,65,60,62,62,62,38,80,45,50,43,33,60,38,49,62,32,32,69,34,62,54,50,66,64,68,35,70,2203
De'Andre Hunter,85,91,80,83,91,80,85,78,76,78,65,75,90,80,80,66,74,65,70,51,52,51,75,90,61,67,70,69,64,33,67,63,83,38,47,83,80,60,80,46,34,57,80,80,2670
Matthew Hurt,70,75,78,82,76,60,50,68,64,55,54,72,80,75,79,61,68,60,65,60,60,64,44,70,50,49,60,60,52,30,49,40,60,45,50,60,50,45,40,57,51,62,40,76,2261
Bones Hyland,76,84,65,75,84,75,75,75,87,87,32,68,88,85,80,54,84,25,60,30,32,32,85,85,77,74,79,84,75,72,58,30,66,73,42,72,64,63,55,40,30,50,55,80,2482
Joe Ingles,69,64,75,86,86,70,35,71,66,67,64,60,92,70,80,54,80,40,45,50,55,48,40,70,70,75,70,60,75,71,67,58,80,53,35,80,78,78,75,45,34,56,50,77,2448
Brandon Ingram,87,94,93,78,80,80,98,75,74,74,42,77,95,80,85,79,90,65,80,64,70,70,92,98,76,75,85,70,79,73,60,61,69,40,58,72,75,68,40,49,36,62,85,88,2815
Kyrie Irving,95,98,98,87,90,98,98,79,85,85,37,81,97,87,80,64,98,25,30,35,70,64,93,96,87,88,99,85,92,71,63,32,73,49,51,76,75,86,60,47,36,58,98,94,2855
Jonathan Isaac,76,71,73,81,81,75,75,76,73,76,70,80,75,90,67,65,67,60,82,62,68,75,35,68,58,65,76,66,55,29,77,75,78,70,92,77,75,75,75,77,68,85,90,79,2734
Jaden Ivey,79,79,83,77,79,70,85,83,91,91,54,85,92,85,80,63,84,30,85,44,42,44,82,90,83,84,86,91,84,70,64,59,71,40,56,82,70,69,65,47,46,47,50,83,2705
Andre Jackson Jr.,66,70,68,80,70,50,60,80,87,87,50,84,90,80,80,56,70,40,85,43,44,44,37,87,63,69,69,74,64,40,65,53,80,42,25,80,80,81,80,62,66,58,60,78,2505
GG Jackson,78,70,70,80,70,85,90,76,82,79,62,82,88,60,80,72,79,65,85,59,59,59,78,95,57,59,62,80,50,35,57,58,58,38,57,68,70,69,40,53,47,58,98,79,2603
Isaiah Jackson,68,82,69,59,71,65,60,76,73,73,65,81,82,80,80,68,79,85,80,59,48,55,56,80,46,40,59,54,44,35,64,70,54,63,89,64,66,49,55,84,89,79,85,79,2556
Jaren Jackson Jr.,84,88,68,78,84,90,95,78,63,65,82,75,90,80,94,82,82,85,80,85,83,86,75,80,48,45,60,33,50,50,80,96,71,53,83,76,95,71,95,55,46,63,90,87,2872
Justin Jackson,77,91,84,74,80,70,60,74,73,76,57,79,85,66,80,54,80,35,60,32,51,41,52,82,62,65,74,69,62,41,55,40,64,53,52,70,60,60,40,49,35,63,30,75,2361
Quenton Jackson,62,70,68,72,77,50,35,76,85,85,42,88,80,75,79,52,70,40,80,33,40,31,41,80,67,70,71,76,60,60,61,46,73,42,40,78,70,75,65,35,33,36,50,74,2340
Reggie Jackson,74,85,77,79,72,70,60,81,84,84,48,85,95,85,84,50,79,25,65,25,48,28,44,88,80,82,86,84,75,71,61,49,74,40,40,74,70,74,70,39,35,42,80,78,2534
Trayce Jackson-Davis,69,94,70,44,63,70,70,80,79,79,63,88,85,85,80,68,79,80,80,60,60,60,50,75,60,62,66,69,64,41,59,63,58,40,88,58,57,55,50,80,85,74,95,80,2619
Lebron James,87,89,78,85,73,98,98,92,87,87,89,89,99,93,97,90,98,80,89,82,90,84,96,98,89,90,87,85,97,84,76,79,79,65,75,79,78,90,60,62,50,74,98,99,3248
Jaime Jaquez Jr.,82,93,84,76,86,80,70,77,67,67,68,82,88,90,80,66,74,55,88,60,64,63,45,80,67,70,73,64,74,54,67,68,72,53,47,75,75,72,75,50,47,52,70,85,2686
DeJon Jarreau,59,68,62,74,72,50,30,74,75,75,45,75,80,85,80,50,70,40,55,34,40,33,42,84,70,68,73,71,66,73,63,40,71,73,45,78,70,71,55,60,51,69,85,73,2401
DaQuan Jeffries,66,60,75,66,76,50,70,75,79,79,57,89,80,60,80,65,72,70,75,63,65,60,42,70,55,55,70,68,53,31,52,54,58,42,57,69,50,54,35,50,45,54,70,73,2376
Trey Jemison,61,80,50,29,68,75,65,73,55,47,76,72,90,90,82,65,60,75,75,70,54,67,40,80,41,44,40,44,45,33,58,71,37,37,82,52,70,50,65,70,78,61,80,74,2363
Ty Jerome,80,96,87,82,92,65,60,72,69,69,56,62,85,85,80,53,79,40,45,38,37,40,65,80,79,84,86,68,84,71,55,40,66,41,37,73,65,68,50,39,30,48,60,76,2459
Isaiah Joe,85,81,94,85,84,80,85,73,72,74,47,79,80,75,87,57,81,40,60,35,38,30,85,85,62,67,74,63,69,37,57,42,69,43,53,77,61,52,55,45,37,52,70,77,2475
Cameron Johnson,84,77,81,83,82,89,90,75,70,69,60,79,85,86,78,66,79,60,60,69,69,69,64,57,55,59,59,43,66,49,61,65,69,43,45,70,64,68,65,52,43,60,75,81,2580
Jalen Johnson,81,92,76,79,76,85,80,78,76,76,68,82,85,80,80,75,88,75,83,66,74,69,68,80,66,68,58,74,69,61,59,66,66,49,62,73,60,57,40,66,45,86,98,81,2751
James Johnson,58,77,60,68,63,40,40,76,67,55,80,72,84,94,83,68,72,60,75,59,63,73,45,95,64,70,74,60,70,48,72,74,74,63,72,74,75,80,65,58,46,69,25,74,2538
Keldon Johnson,79,89,83,78,77,60,85,80,76,78,70,71,90,95,80,74,87,65,75,59,62,62,84,95,71,74,79,73,74,55,62,67,73,40,45,73,69,64,65,57,50,63,60,83,2728
Keon Johnson,61,60,68,78,66,60,35,83,95,95,40,98,88,85,80,53,70,35,85,35,35,35,45,80,74,75,72,84,70,70,65,45,70,66,52,83,69,68,65,44,40,47,35,77,2456
Keyontae Johnson,63,76,68,76,71,50,35,78,81,78,60,81,85,80,80,57,76,50,75,52,52,50,37,60,57,52,64,68,58,42,56,52,62,48,50,70,60,58,45,64,59,69,40,78,2348
Nikola Jokic,91,99,94,80,79,98,98,77,63,62,93,63,97,80,83,91,91,90,75,94,95,98,98,90,84,93,76,60,98,95,66,79,61,59,61,47,79,66,75,87,78,96,98,99,3140
Colby Jones,72,93,68,62,67,75,65,75,74,74,48,72,90,85,80,51,75,25,75,38,40,39,44,75,66,67,68,68,70,58,57,49,71,70,37,75,54,47,50,60,59,60,80,78,2425
Damian Jones,64,85,78,65,76,50,30,75,63,55,80,92,80,80,78,63,70,85,75,52,40,60,35,84,38,34,35,38,48,34,58,76,40,41,81,42,80,40,65,67,66,68,50,73,2324
Derrick Jones Jr.,77,93,68,77,74,75,75,80,77,76,59,93,83,95,78,71,79,85,94,50,52,52,66,90,56,65,68,61,54,30,69,60,78,42,65,80,74,75,75,50,50,50,70,79,2667
Herbert Jones,83,76,78,85,86,90,85,75,74,74,59,72,82,85,80,67,79,55,75,62,62,62,55,85,66,69,75,69,75,43,81,62,89,75,66,89,88,88,90,45,42,48,75,84,2788
Mason Jones,73,71,84,80,65,70,70,66,64,64,46,57,80,70,80,53,70,25,65,44,40,40,64,78,65,62,71,64,60,66,54,54,69,40,25,74,64,62,45,54,34,73,50,73,2313
Tre Jones,82,91,70,76,84,85,85,76,80,80,60,71,85,75,81,50,86,25,35,32,34,30,74,80,82,85,84,80,85,75,60,34,75,49,32,79,70,76,65,47,39,54,90,79,2570
Tyus Jones,86,95,93,85,77,85,80,71,71,71,34,57,92,87,84,50,89,25,30,28,40,35,74,78,81,84,86,69,88,79,56,30,67,49,45,70,60,80,50,39,30,47,98,80,2522
DeAndre Jordan,45,74,25,25,36,85,25,79,65,53,85,83,92,80,94,56,57,75,75,35,37,35,44,90,39,25,30,33,66,40,60,70,57,40,72,62,67,55,55,91,91,90,90,76,2289
Cory Joseph,76,88,75,82,79,70,60,70,72,72,40,65,88,70,84,45,72,25,30,27,39,29,55,85,77,80,84,72,80,70,61,54,75,38,50,80,68,59,65,36,31,41,60,75,2389
Nikola Jovic,84,93,70,83,72,95,90,70,68,68,44,72,85,70,80,61,83,30,60,55,60,44,62,90,66,69,70,67,68,58,55,59,62,42,55,65,60,57,40,60,40,79,95,79,2539
Johnny Juzang,68,84,73,79,84,50,35,72,70,70,55,72,85,75,80,61,71,35,75,55,59,64,44,85,59,59,72,66,62,36,49,50,58,31,37,63,52,50,50,41,35,46,65,75,2307
Luke Kennard,86,77,80,89,94,90,85,71,69,68,40,60,92,85,80,52,70,30,60,28,50,35,49,95,74,76,78,66,79,70,45,35,51,37,30,65,50,50,45,42,31,53,50,77,2369
Walker Kessler,70,95,68,60,54,80,60,67,37,37,74,60,88,90,80,74,65,85,75,74,66,74,59,95,40,42,44,35,48,31,71,86,65,37,97,52,88,58,85,82,81,83,70,85,2563
Braxton Key,56,69,69,70,65,40,25,75,69,68,70,81,80,79,80,63,68,75,75,59,58,58,33,74,49,48,49,59,54,37,57,52,52,76,75,58,52,54,35,69,58,79,25,73,2301
Corey Kispert,84,94,89,83,75,90,70,75,76,76,60,69,84,80,80,52,73,40,60,38,39,39,45,85,63,66,71,66,69,41,59,54,70,36,40,74,69,67,65,41,32,50,90,79,2484
Maxi Kleber,66,71,70,78,71,70,35,67,45,38,79,56,85,85,80,68,73,75,75,67,67,64,40,80,57,70,64,45,68,38,72,80,78,36,70,77,78,78,80,52,43,61,70,76,2516
Kevin Knox,69,88,61,79,77,70,40,78,75,75,70,80,90,73,82,64,67,65,75,59,52,68,49,78,59,59,75,72,60,31,58,57,69,40,52,72,68,69,40,47,40,53,80,73,2483
John Konchar,73,73,76,76,78,75,60,72,62,63,40,70,93,90,84,54,77,40,55,44,47,47,40,85,68,74,76,60,79,50,60,54,62,63,80,69,50,60,45,64,57,70,75,76,2475
Furkan Korkmaz,66,63,70,80,72,55,55,74,70,69,50,80,85,81,80,60,75,40,75,30,60,45,69,88,59,54,73,64,65,38,54,40,64,70,25,69,56,62,45,35,29,41,75,75,2337
Luke Kornet,75,79,56,70,82,90,75,64,38,37,66,62,85,85,77,68,60,75,60,69,68,69,58,85,45,50,43,33,60,37,58,74,32,40,86,34,76,54,70,75,87,63,95,77,2457
Vit Krejci,65,70,64,80,54,60,60,72,75,75,40,76,80,75,80,54,72,45,70,35,38,38,55,75,64,69,70,70,70,43,54,50,60,40,50,71,59,58,40,41,35,46,95,73,2316
Jonathan Kuminga,86,95,82,75,71,95,98,83,84,84,73,90,88,80,80,70,90,65,85,49,50,50,84,85,64,69,67,75,60,47,64,73,73,42,56,79,70,69,50,57,51,62,98,82,2776
Kyle Kuzma,84,88,69,80,76,90,98,80,74,74,74,75,85,95,83,78,92,75,75,66,65,66,89,95,72,66,77,67,78,70,59,66,67,35,57,71,65,49,60,56,38,74,98,84,2806
Jake LaRavia,78,70,76,77,78,85,80,72,59,59,62,72,88,85,80,66,73,60,75,60,60,60,68,70,61,69,68,57,68,42,56,69,43,53,53,69,66,58,40,55,58,52,95,79,2536
Zach LaVine,83,85,90,81,87,75,80,83,84,84,49,97,98,85,83,75,88,60,95,59,59,59,82,98,79,79,88,81,88,61,61,62,69,41,42,75,68,69,65,47,30,64,50,87,2797
Jock Landale,79,94,75,63,75,85,80,69,54,54,64,75,80,75,80,70,75,65,65,60,60,86,66,80,53,58,52,45,64,44,56,65,48,41,80,48,62,60,45,68,81,54,80,77,2515
A.J. Lawson,68,57,68,70,55,85,70,72,74,74,34,80,85,80,80,58,68,45,75,52,52,55,42,75,58,62,69,69,64,28,57,48,60,83,25,67,60,65,50,53,49,56,98,71,2400
Caris LeVert,74,82,71,75,74,70,70,77,75,77,54,80,92,80,78,69,87,60,75,52,54,49,79,95,78,75,86,72,84,72,63,45,74,56,56,77,70,68,60,48,36,60,75,80,2675
Saben Lee,70,58,74,70,74,60,85,72,74,74,52,69,80,76,79,55,84,25,85,25,31,30,79,77,77,80,83,73,80,71,52,44,60,76,30,67,55,54,30,45,43,46,70,75,2398
Alex Len,62,88,61,70,66,50,35,67,43,44,75,60,80,92,78,68,74,80,65,74,48,76,59,64,38,31,32,25,45,57,58,70,44,40,91,50,70,62,40,78,76,79,25,76,2295
Kawhi Leonard,93,97,90,85,87,98,98,84,84,84,79,79,87,95,82,81,90,55,80,65,88,85,84,98,79,79,86,83,82,64,86,81,94,80,62,94,95,90,95,56,46,65,98,96,3180
Kira Lewis Jr.,73,88,66,60,86,65,70,78,89,89,49,70,85,80,84,48,73,25,45,25,45,32,50,86,77,75,86,82,75,67,55,34,67,49,42,75,68,65,40,43,43,42,70,78,2420
Maxwell Lewis,68,70,70,77,79,70,40,71,67,67,44,75,85,80,80,48,70,35,70,30,38,26,42,76,60,60,70,62,64,42,53,25,68,43,47,75,60,52,50,38,33,42,65,76,2225
E.J. Liddell,66,80,79,76,76,40,45,75,73,73,65,89,80,65,80,65,75,55,60,66,71,68,37,85,57,59,60,59,58,49,59,65,54,44,79,60,62,54,50,63,59,66,40,79,2435
Damian Lillard,87,72,88,85,92,90,95,88,87,87,63,89,97,95,98,63,92,25,85,30,38,42,96,98,88,92,95,86,93,74,58,31,69,41,40,76,72,77,60,44,33,54,70,94,2801
Nassir Little,74,87,82,72,80,65,55,80,77,79,70,81,85,85,80,61,79,35,82,54,52,59,45,80,53,52,65,68,49,31,63,68,70,42,60,77,70,65,55,55,48,61,40,77,2482
Dereck Lively II,74,95,60,52,59,95,85,70,50,50,70,67,80,95,80,71,82,85,83,59,54,59,55,90,52,69,52,40,68,32,64,79,57,41,85,57,75,54,60,82,82,82,98,84,2620
Isaiah Livers,81,78,86,72,82,95,75,72,73,73,55,71,85,66,82,48,76,25,65,26,32,35,44,80,61,68,70,70,65,32,54,37,65,42,40,74,60,60,55,43,40,46,90,74,2364
Chris Livingston,64,76,68,70,72,60,35,75,80,80,54,83,85,65,80,56,76,50,80,39,44,40,37,79,58,65,69,68,52,34,55,52,64,47,48,74,52,62,40,52,52,51,80,74,2337
Kenneth Lofton Jr.,69,87,76,71,59,70,50,76,64,64,82,70,85,90,80,68,74,55,75,70,68,70,50,80,63,60,62,58,64,72,52,57,38,43,62,57,57,52,50,65,67,62,70,75,2496
Kevon Looney,72,97,68,69,69,70,60,76,58,69,74,63,85,96,84,64,78,75,70,55,52,62,52,66,57,55,61,48,66,55,60,72,46,38,62,62,74,64,65,85,85,85,60,77,2547
Brook Lopez,84,84,96,80,81,80,80,66,25,25,89,60,92,90,79,75,60,80,65,80,80,80,60,95,41,35,35,25,78,33,74,94,45,36,90,60,94,78,95,55,52,58,70,81,2620
Robin Lopez,65,96,73,76,60,45,40,64,25,25,80,57,85,95,82,73,78,75,60,96,55,85,50,88,39,30,35,25,69,37,57,70,55,28,65,25,80,64,70,60,67,52,50,76,2324
Kevin Love,71,95,73,80,82,50,45,69,66,38,82,70,70,80,77,73,72,70,50,77,84,84,50,95,59,65,52,33,77,68,55,69,50,37,51,54,75,57,50,78,61,95,80,82,2546
Kyle Lowry,81,90,85,83,83,80,65,83,84,84,67,72,96,97,79,48,70,25,25,38,44,40,45,95,78,75,79,84,80,70,71,60,80,55,51,82,80,80,80,44,36,52,85,85,2661
Seth Lundy,64,72,76,70,82,50,35,75,85,77,55,75,85,66,80,53,76,25,60,47,48,47,44,80,58,62,67,74,60,29,54,44,65,57,40,74,57,57,40,57,54,59,40,74,2288
Trey Lyles,75,83,75,82,65,75,70,72,66,59,69,65,81,80,84,72,74,70,65,72,74,72,69,80,54,55,58,54,68,35,51,68,36,33,55,52,64,62,40,64,53,74,75,76,2488
Theo Maledon,70,63,75,49,85,85,60,72,77,77,39,72,84,75,80,54,79,35,50,37,49,40,64,80,79,84,83,77,84,66,45,37,56,49,25,65,40,54,30,44,35,52,60,74,2326
Sandro Mamukelashvili,67,85,69,72,68,60,45,73,59,59,73,69,85,85,80,65,69,65,65,62,60,63,54,85,60,62,59,49,69,61,53,65,50,33,62,49,68,52,45,79,73,85,90,75,2479
Terance Mann,79,91,63,78,68,90,85,75,71,70,50,79,85,90,80,62,83,45,75,47,50,50,72,75,69,79,79,70,83,36,56,54,66,38,42,73,62,59,50,51,52,49,90,77,2556
Tre Mann,85,87,80,82,76,92,90,73,74,74,53,68,88,75,80,58,83,25,60,35,55,60,59,85,77,80,83,73,78,72,56,49,66,76,32,69,60,59,40,50,36,63,60,79,2556
Boban Marjanovic,70,82,70,63,74,75,55,49,25,25,71,40,70,45,65,65,50,95,60,69,60,76,70,40,38,60,35,25,35,36,54,73,30,42,51,35,65,73,65,84,80,87,70,75,2217
Lauri Markkanen,90,94,80,84,83,98,98,71,63,60,61,62,85,85,80,83,79,75,75,83,83,86,88,95,55,55,65,42,75,38,61,66,65,41,52,65,66,64,65,69,62,75,98,86,2777
Naji Marshall,79,88,80,82,81,75,70,71,62,62,60,75,85,70,80,66,83,45,70,60,60,63,69,80,65,67,74,62,71,52,56,52,60,56,47,65,62,64,40,57,48,66,85,76,2547
Caleb Martin,78,91,70,80,66,80,80,74,68,62,58,74,85,90,80,61,84,25,70,55,54,54,69,75,61,62,69,59,69,44,66,68,75,41,56,74,74,72,70,54,48,60,60,79,2550
Cody Martin,73,75,42,78,73,90,80,75,68,64,58,75,90,90,80,64,85,25,75,59,59,55,79,75,72,74,73,68,78,66,63,48,69,59,58,72,69,69,60,49,39,58,95,76,2606
KJ Martin,79,96,85,79,68,75,70,86,81,81,80,85,97,95,85,80,80,90,70,78,65,78,82,97,55,48,43,69,62,53,75,82,65,74,82,65,85,68,80,67,70,64,60,92,2879
Garrison Mathews,78,74,81,88,91,60,75,66,50,50,44,65,89,88,79,57,79,45,55,36,47,48,54,95,61,71,76,47,82,29,49,42,59,37,42,60,58,52,45,40,34,46,40,74,2287
Bennedict Mathurin,85,82,84,82,84,85,90,80,84,84,54,82,92,85,80,66,78,35,80,55,58,55,75,90,71,75,79,81,82,38,56,42,69,37,42,78,65,62,50,52,47,57,75,84,2657
Wesley Matthews,66,77,68,78,79,65,30,74,70,75,55,70,85,80,84,62,78,45,50,63,65,65,45,85,65,72,75,68,77,33,67,38,78,56,63,79,75,79,70,46,36,55,80,79,2525
Tyrese Maxey,90,82,86,85,89,98,98,82,90,90,44,80,98,95,77,67,94,25,70,45,60,47,94,98,86,85,89,90,89,79,64,52,79,41,51,83,69,68,65,40,32,48,98,89,2852
Skylar Mays,82,92,92,72,88,80,70,70,70,70,42,74,92,65,80,52,70,35,45,37,52,37,57,80,78,82,79,67,82,80,58,42,68,59,40,75,69,60,50,40,34,45,50,75,2457
Miles McBride,87,74,89,85,86,95,90,78,86,86,44,80,85,85,80,55,82,25,65,25,58,48,55,80,69,70,88,80,60,46,66,40,81,56,37,84,78,74,75,38,37,39,90,77,2615
CJ McCollum,91,97,85,86,83,95,98,83,82,84,60,80,98,95,80,56,90,30,40,38,46,32,82,91,80,78,86,82,82,70,58,35,70,42,58,76,70,50,65,46,35,56,80,87,2694
T.J. McConnell,87,97,90,79,74,95,85,74,76,76,44,65,85,92,83,48,76,25,25,44,58,38,40,79,83,88,79,73,86,88,71,49,82,80,37,82,70,87,80,51,41,60,85,80,2673
Jaden McDaniels,80,94,72,78,74,80,80,80,79,78,60,80,85,85,90,63,87,40,75,52,56,54,52,85,53,44,78,70,40,33,78,83,88,43,57,88,88,88,90,44,41,46,55,81,2649
Jalen McDaniels,75,87,80,60,84,70,70,74,73,73,60,73,80,80,80,64,76,60,65,62,68,59,52,68,58,55,69,69,59,37,52,59,55,49,50,60,55,50,35,50,42,57,60,75,2416
Doug McDermott,77,85,78,85,76,70,70,67,59,53,60,67,81,67,83,65,79,50,65,60,66,62,60,75,57,65,67,47,65,40,49,52,58,35,30,60,63,50,40,36,31,40,50,76,2320
JaVale McGee,58,89,64,55,55,45,40,70,65,47,81,69,72,75,80,68,64,95,85,78,58,64,65,37,34,25,35,26,48,36,66,79,47,41,88,53,84,67,65,83,79,87,60,79,2382
Bryce McGowens,70,87,79,77,73,65,40,74,74,74,48,81,85,75,80,57,74,40,80,42,42,42,55,78,57,52,74,72,50,35,57,37,66,40,51,75,65,60,65,44,35,52,80,77,2377
Jordan McLaughlin,79,73,74,84,75,95,70,72,72,72,52,74,80,70,83,46,84,25,65,25,25,25,49,70,78,83,84,70,80,71,62,25,73,86,50,74,52,74,60,45,41,48,80,75,2468
De'Anthony Melton,75,74,60,81,81,80,75,74,76,76,44,75,80,85,83,58,80,25,70,25,58,48,59,95,74,78,83,74,75,58,75,48,84,86,53,70,84,89,85,48,40,55,80,79,2651
Nathan Mensah,46,68,40,35,66,40,25,74,67,60,75,75,80,80,80,61,68,80,80,50,50,50,35,75,37,34,44,45,35,26,63,75,66,49,83,66,72,44,50,66,70,61,30,72,2201
Sam Merrill,84,70,81,86,89,90,85,64,62,62,44,60,80,60,79,50,64,30,45,30,44,48,55,80,69,74,76,60,79,55,49,42,60,36,32,64,52,62,45,43,36,50,90,75,2332
Chimezie Metu,74,92,73,72,74,85,50,72,52,52,69,75,80,90,83,68,78,80,75,58,40,49,65,95,41,48,37,30,58,34,59,67,51,73,56,60,68,55,45,64,52,75,95,76,2467
Vasilije Micic,77,68,90,69,87,70,80,72,75,75,44,62,88,80,82,52,76,25,40,31,43,42,60,95,81,84,86,75,84,76,50,35,63,41,40,67,60,50,40,37,31,42,75,79,2410
Khris Middleton,88,94,98,82,82,80,90,78,71,72,73,66,92,80,90,72,89,40,65,67,80,83,65,85,76,78,77,71,78,74,72,72,84,46,47,84,83,80,80,53,40,65,80,87,2870
Brandon Miller,85,82,91,81,83,90,85,78,78,78,51,85,95,80,80,63,80,55,87,40,64,47,53,80,71,75,86,78,75,43,63,50,73,42,56,82,67,68,65,47,38,56,90,89,2698
Jordan Miller,61,67,70,72,74,50,35,76,84,78,52,81,85,70,80,57,70,40,80,54,52,58,40,65,62,60,69,72,62,47,58,54,65,57,67,75,60,40,45,40,37,42,50,75,2334
Leonard Miller,68,74,70,72,79,60,50,75,73,73,55,82,90,75,80,64,75,65,85,59,54,55,37,80,57,51,70,70,52,43,57,57,63,52,57,67,60,59,40,62,52,71,50,78,2435
Patty Mills,75,64,87,72,83,75,70,74,83,83,51,66,82,70,82,42,79,25,25,25,37,25,50,73,75,79,86,83,84,42,54,27,65,73,30,72,61,61,40,39,36,42,60,75,2323
Shake Milton,76,62,92,70,83,80,70,75,77,79,38,77,88,85,83,55,78,30,60,46,44,40,50,89,74,79,84,77,79,49,52,30,65,53,42,74,58,50,40,42,34,50,65,76,2426
Justin Minaya,62,55,70,71,50,65,60,74,70,70,55,75,85,80,81,52,64,35,55,44,47,47,37,85,60,65,70,65,65,33,61,62,69,40,63,71,72,52,60,61,65,56,95,72,2376
Josh Minott,61,74,65,74,75,50,30,75,72,72,62,80,80,80,80,62,75,65,80,51,55,52,40,75,59,62,63,68,60,44,63,48,63,63,74,70,60,65,60,68,66,69,50,76,2448
Davion Mitchell,67,90,81,80,81,40,30,80,82,82,60,70,90,95,80,44,70,25,40,30,30,30,30,95,77,78,86,82,78,62,68,44,87,33,30,88,88,85,90,39,34,44,30,83,2433
Donovan Mitchell,90,88,94,87,88,90,90,88,95,90,60,97,96,95,80,70,97,50,92,37,49,44,92,98,85,84,90,86,92,74,74,68,75,80,53,86,79,79,75,49,38,59,90,93,3010
Evan Mobley,78,88,69,74,72,80,85,80,72,72,74,81,97,85,80,79,84,85,80,77,74,77,65,90,68,69,60,66,84,62,81,94,80,43,81,78,94,85,95,76,65,87,65,91,2960
Isaiah Mobley,66,68,70,70,68,65,55,68,58,58,62,69,87,65,80,64,60,60,71,58,57,58,58,90,58,68,49,44,75,54,51,61,44,41,69,49,55,44,45,71,60,81,70,76,2372
Malik Monk,87,91,90,82,90,90,80,77,80,81,48,88,88,72,80,63,82,40,80,25,62,45,74,95,76,75,79,76,78,74,58,45,68,40,58,73,69,68,45,43,33,53,70,81,2648
Moses Moody,78,94,74,80,74,70,75,76,73,73,68,70,88,80,80,60,80,40,70,44,48,49,70,80,61,65,74,70,64,32,65,68,71,53,58,77,69,60,65,56,56,55,70,79,2566
Xavier Moon,71,70,77,68,89,70,50,71,73,73,44,70,85,75,80,44,74,25,40,27,34,32,47,69,69,66,73,70,65,71,45,30,50,40,62,64,44,37,30,56,64,47,80,70,2235
Taze Moore,61,69,68,69,64,60,35,79,77,76,55,90,85,85,82,59,70,50,83,47,44,44,40,92,62,60,68,69,57,55,54,49,64,37,54,73,54,58,40,53,50,56,55,71,2355
Wendell Moore Jr.,68,66,70,76,81,70,45,77,70,70,58,83,85,90,80,60,71,50,80,52,52,52,52,72,61,57,67,68,54,60,71,66,72,76,67,82,70,72,60,45,40,50,70,80,2536
Ja Morant,86,89,90,75,76,90,98,88,95,95,52,97,97,98,80,72,97,25,97,54,54,54,95,98,94,96,96,95,95,90,69,49,72,60,55,83,79,78,75,54,41,66,80,96,3012
Marcus Morris,77,84,85,84,78,60,70,75,73,47,75,69,94,80,86,68,70,55,70,68,67,67,60,84,49,60,60,49,44,31,60,64,68,36,53,70,70,61,60,52,40,64,65,78,2499
Markieff Morris,71,83,75,80,74,50,65,73,57,44,84,63,91,77,92,66,67,65,67,68,77,75,40,70,47,44,42,34,78,39,53,75,42,40,40,50,75,50,55,55,40,70,40,77,2355
Monte Morris,81,76,90,82,83,70,85,75,83,83,41,72,85,80,81,51,79,25,50,28,45,32,70,80,85,94,86,83,94,70,54,44,62,59,56,70,52,55,35,43,33,53,50,79,2495
Trey Murphy III,85,87,63,82,83,98,95,80,84,84,60,82,85,85,80,62,74,65,88,42,44,43,50,90,57,59,50,74,64,40,63,69,69,43,56,70,69,59,65,52,38,65,85,81,2620
Dejounte Murray,91,95,97,80,86,90,95,75,83,83,40,60,90,90,80,65,92,40,75,40,48,49,84,95,83,85,88,83,84,73,75,53,85,74,45,85,85,85,85,49,36,62,70,87,2857
Jamal Murray,91,87,93,86,92,90,98,79,80,80,54,80,95,85,78,65,90,30,82,38,46,74,78,84,83,84,89,79,85,76,63,35,77,43,57,77,74,70,70,45,37,53,90,89,2805
Keegan Murray,86,97,83,83,85,80,85,77,76,76,60,79,85,86,80,71,77,60,80,69,69,69,65,80,61,65,70,73,66,33,68,68,78,43,61,79,64,75,75,54,47,61,70,88,2740
Kris Murray,72,75,70,72,73,70,70,74,68,68,60,75,90,80,80,61,70,60,75,50,52,52,50,80,57,60,69,62,60,36,61,60,66,56,53,73,65,66,50,58,58,57,75,80,2486
Svi Mykhailiuk,78,86,80,82,67,80,75,73,82,82,54,69,81,65,79,55,74,40,55,42,47,38,49,94,63,69,64,75,64,42,46,37,55,41,30,67,50,54,30,45,40,50,70,76,2335
Larry Nance Jr.,74,93,74,79,70,70,60,77,65,60,69,86,88,85,83,70,72,85,85,58,54,69,60,78,59,69,64,49,70,45,70,74,61,76,55,61,78,89,65,70,66,74,60,78,2677
Pete Nance,63,73,70,73,76,50,35,74,63,57,69,75,85,85,83,64,70,75,75,70,54,60,40,70,47,47,52,49,50,35,55,60,48,50,61,57,60,60,40,67,64,70,40,78,2329
Andrew Nembhard,91,94,95,85,79,95,95,72,76,76,46,71,85,69,80,57,85,39,60,44,52,47,54,75,77,80,82,74,80,70,68,68,80,53,32,81,78,75,75,39,36,42,80,83,2671
Aaron Nesmith,83,90,86,85,64,95,75,74,68,68,52,74,87,85,81,62,77,35,55,53,57,57,78,85,60,69,70,64,65,32,62,67,69,43,60,68,72,57,60,49,42,55,70,79,2549
Georges Niang,76,90,84,81,88,60,50,68,44,46,60,72,88,80,84,60,77,25,50,70,71,70,40,74,56,65,67,44,70,34,52,60,55,35,47,55,62,60,40,49,32,65,90,74,2359
Daishen Nix,68,74,60,74,67,65,70,80,90,90,63,75,80,85,80,55,75,40,75,35,51,42,40,80,75,72,75,87,74,68,51,37,60,46,42,73,52,58,40,42,35,49,65,72,2416
Zeke Nnaji,65,70,76,69,62,65,45,80,77,77,70,82,80,89,83,72,77,80,70,69,67,67,69,77,39,33,37,52,42,33,57,69,54,41,87,57,57,42,45,68,80,55,55,78,2438
Jaylen Nowell,85,91,85,71,78,95,90,75,81,80,39,79,85,80,80,55,84,25,65,27,40,38,79,78,69,64,75,77,68,62,48,29,60,46,32,67,55,58,40,48,41,54,78,76,2452
Markquis Nowell,66,70,78,77,86,50,35,75,86,86,30,76,89,80,80,45,73,25,27,25,40,25,57,85,76,70,86,86,70,69,59,25,60,74,53,78,54,78,50,32,31,33,35,74,2306
Frank Ntilikina,67,80,87,66,67,60,40,74,80,82,47,70,81,80,80,48,65,30,45,32,48,40,39,85,74,77,86,80,77,49,64,35,82,41,50,82,80,70,70,41,31,51,90,74,2429
Jusuf Nurkic,78,88,88,62,72,80,80,66,51,37,90,50,86,75,72,74,68,75,65,80,72,80,70,85,55,60,40,25,82,69,64,78,45,56,73,49,79,60,70,89,84,93,85,82,2656
Jordan Nwora,82,89,65,77,79,98,85,70,59,57,60,72,82,85,78,60,76,60,65,49,47,50,75,60,55,59,64,43,65,46,54,52,52,53,56,65,54,50,50,60,46,73,98,78,2472
Royce O'Neal,74,75,67,79,68,85,70,71,62,62,67,65,80,80,82,62,74,55,70,54,52,59,59,75,63,60,68,62,63,60,70,68,80,43,60,83,80,68,75,55,41,69,85,76,2581
Chuma Okeke,71,70,69,70,76,90,50,73,70,70,60,74,80,80,80,54,70,45,50,48,52,53,40,70,61,65,69,65,66,38,66,63,80,35,61,81,77,85,45,62,49,75,98,77,2496
Josh Okogie,75,84,78,73,77,80,60,82,89,89,46,92,80,95,82,54,77,30,75,42,44,44,49,70,65,69,76,81,62,35,74,50,81,76,62,83,81,84,75,58,67,48,30,75,2591
Onyeka Okongwu,83,97,88,76,85,70,80,80,74,74,70,75,88,95,83,68,80,85,80,54,55,57,52,80,50,51,54,60,50,33,67,79,64,35,77,69,83,65,65,77,83,71,90,82,2709
Isaac Okoro,70,80,60,81,69,70,60,79,77,77,67,80,89,80,82,62,84,45,75,47,49,50,50,95,64,69,72,73,69,38,73,68,84,43,56,85,80,82,85,45,45,45,60,79,2600
Kelly Olynyk,88,97,85,82,90,85,90,64,31,33,70,55,89,90,82,75,75,70,60,79,79,79,79,78,53,60,42,25,66,73,56,70,50,59,55,35,66,45,65,66,58,73,70,80,2570
Eugene Omoruyi,76,72,68,70,72,95,80,70,70,70,52,75,80,65,80,58,70,40,65,57,57,57,45,69,62,65,70,63,62,50,64,54,73,84,50,76,68,40,65,65,68,61,60,72,2490
Cedi Osman,75,86,71,81,67,80,65,74,71,70,59,70,85,85,75,58,86,46,61,38,58,51,52,75,68,75,75,69,70,50,63,65,76,41,42,76,70,65,65,47,35,59,70,76,2511
Kelly Oubre Jr.,77,74,65,74,76,85,85,79,72,82,58,95,90,75,84,66,79,40,84,45,53,52,84,88,65,73,74,69,75,33,64,49,74,53,61,76,70,75,55,55,50,60,85,80,2652
Chris Paul,74,97,78,82,91,50,45,76,80,80,62,75,80,75,77,55,86,25,27,40,55,70,50,85,85,87,87,80,87,83,69,61,81,66,35,81,80,75,75,47,31,62,40,95,2616
Cameron Payne,83,89,90,83,85,75,75,72,75,75,39,72,82,75,84,47,83,25,25,25,36,31,75,72,77,75,86,75,79,70,49,31,60,46,45,70,51,52,40,40,34,45,70,78,2378
Gary Payton II,80,84,81,80,74,80,80,86,91,91,65,74,98,90,93,69,93,25,40,60,83,85,67,98,90,97,89,91,97,78,85,60,98,99,37,99,98,93,98,46,45,46,55,94,3006
Maozinha Pereira,60,68,67,70,71,45,40,75,67,62,59,80,85,90,80,64,75,70,80,55,57,57,50,70,51,54,55,60,52,35,54,60,60,42,57,65,60,50,40,65,65,65,45,70,2333
Drew Peterson,66,70,74,79,75,50,50,71,59,58,62,68,85,85,80,56,73,60,65,45,47,46,45,70,62,69,68,58,68,48,45,52,43,40,42,50,45,50,40,59,58,59,80,72,2288
Filip Petrusev,68,77,76,75,74,75,30,70,58,58,67,72,90,80,65,60,60,65,65,62,54,57,35,85,49,55,52,43,54,39,53,61,44,37,63,50,65,57,45,56,52,60,75,76,2308
Julian Phillips,67,67,68,74,82,70,40,74,73,73,40,80,85,90,80,54,67,45,80,35,38,38,55,75,56,60,66,67,57,30,60,50,68,28,72,78,60,62,60,46,45,46,60,72,2336
Jalen Pickett,72,76,68,76,76,75,60,72,72,72,59,67,88,70,79,58,75,25,60,55,58,58,50,81,72,72,75,72,74,67,56,47,62,47,48,69,62,65,45,56,52,60,75,75,2467
Scotty Pippen Jr.,80,80,78,82,75,85,80,74,82,82,39,79,82,75,80,50,73,25,65,25,36,31,70,72,79,79,79,82,79,75,59,31,62,90,57,70,54,55,50,48,47,49,85,76,2516
Mason Plumlee,67,90,60,58,54,75,65,72,57,41,80,75,78,92,83,75,81,85,80,75,70,70,60,81,55,75,37,50,72,42,61,74,46,37,62,48,77,68,75,81,72,90,65,79,2579
Brandin Podziemski,79,87,60,82,65,90,90,79,82,82,54,78,89,85,80,61,84,35,60,54,55,55,60,85,73,69,80,81,68,66,55,45,63,43,40,69,62,72,45,62,57,67,98,82,2619
Jakob Poeltl,69,96,59,45,51,80,80,68,51,37,80,57,80,90,80,77,73,75,60,86,79,86,69,85,50,69,38,31,62,48,64,81,45,40,85,34,79,67,80,80,75,85,95,82,2595
Aleksej Pokusevski,67,63,61,75,63,75,65,69,60,60,49,60,84,90,79,65,81,70,70,54,54,62,55,75,54,59,62,52,54,45,62,67,67,53,70,54,77,57,50,62,47,77,85,78,2459
Jordan Poole,80,81,78,80,86,75,80,74,81,81,61,73,80,65,80,60,92,45,60,29,47,44,84,80,81,83,89,80,82,70,54,47,65,49,47,74,65,55,30,39,32,46,70,86,2552
Craig Porter Jr.,78,93,86,79,69,75,65,77,79,79,48,72,88,90,80,56,79,30,50,44,48,49,60,85,75,75,73,79,75,73,60,44,68,46,61,74,60,63,60,53,43,63,70,79,2554
Jontay Porter,74,72,70,76,75,75,75,71,56,59,72,67,85,80,80,62,68,65,70,55,52,60,40,85,49,42,48,44,52,60,57,62,35,60,83,50,60,54,50,66,63,68,75,74,2417
Kevin Porter Jr.,80,84,85,80,78,65,90,78,85,85,52,75,88,80,80,64,84,40,80,25,62,44,79,95,80,82,82,83,82,72,57,44,69,59,45,75,64,60,40,52,45,58,70,79,2645
Michael Porter Jr.,88,90,94,85,75,90,95,79,80,81,68,88,88,80,66,68,92,60,80,50,62,68,55,80,63,65,78,77,62,32,57,60,64,35,57,73,60,68,40,61,48,74,90,85,2695
Otto Porter Jr.,73,88,85,81,83,50,50,73,68,67,60,73,93,70,79,65,75,45,70,65,67,58,57,84,63,70,77,66,70,31,62,63,73,42,65,76,66,64,45,53,43,63,40,78,2500
Bobby Portis,85,94,85,84,81,75,90,76,65,64,80,64,85,90,84,78,74,75,70,80,80,82,74,85,50,55,52,59,52,34,59,78,40,46,53,50,75,65,65,75,64,86,75,82,2692
Kristaps Porzingis,90,97,92,81,83,90,98,77,66,65,74,78,94,85,77,85,79,90,75,84,88,87,75,98,51,50,68,56,40,40,66,78,56,40,87,62,82,60,65,65,57,73,90,88,2848
Micah Potter,66,66,70,78,80,60,40,64,43,43,70,60,80,70,81,59,60,75,65,51,50,52,40,76,42,54,42,32,55,29,45,52,37,37,68,37,48,47,30,65,55,74,90,78,2175
Dwight Powell,69,92,65,78,81,50,50,76,71,48,80,67,90,95,83,77,70,75,65,77,79,79,83,90,54,55,60,44,64,47,61,74,45,43,61,58,68,74,65,74,83,64,30,79,2582
Jason Preston,68,71,70,75,62,60,70,77,82,82,52,75,85,85,80,55,70,40,45,58,57,57,33,80,80,84,75,80,84,75,53,40,64,35,25,73,65,68,55,68,68,67,50,77,2474
Joshua Primo,76,73,77,73,75,80,75,71,76,76,27,71,85,85,80,51,69,40,60,34,34,34,39,95,62,64,70,73,64,41,59,44,70,37,60,77,70,55,60,45,42,47,80,79,2391
Taurean Prince,77,88,69,83,70,75,75,79,80,78,60,84,84,85,81,63,70,75,70,52,45,51,55,85,59,68,70,69,55,33,65,64,74,41,53,76,68,81,60,41,31,51,80,76,2565
Payton Pritchard,88,95,90,82,77,95,90,71,75,75,41,66,84,78,81,49,77,25,35,40,46,35,60,75,77,79,79,75,82,70,48,36,60,38,32,74,60,45,35,49,46,52,98,79,2462
Olivier-Maxence Prosper,61,71,68,71,65,50,40,79,79,79,60,88,88,80,80,59,72,40,85,47,45,45,58,80,59,65,60,66,61,42,60,67,74,30,45,81,64,58,60,67,65,69,70,80,2448
Trevelin Queen,64,67,68,65,73,70,40,70,70,70,49,75,80,65,83,56,70,40,75,30,45,45,66,80,63,65,70,66,62,51,57,40,60,83,63,70,55,47,40,59,54,64,40,72,2328
Neemias Queta,60,80,57,40,71,50,60,73,59,59,76,65,80,90,80,62,61,70,65,62,60,62,40,75,43,52,38,30,62,33,57,70,45,46,77,48,70,48,55,78,90,65,60,75,2326
Immanuel Quickley,87,85,71,83,89,95,98,79,82,82,54,79,89,85,79,64,86,40,55,50,51,45,86,98,80,84,86,76,84,72,61,37,80,40,37,80,78,64,75,45,29,60,95,83,2742
Lester Quinones,77,74,71,80,75,90,70,69,70,70,44,74,80,68,80,52,73,25,65,42,44,40,44,80,68,74,70,64,74,59,48,33,63,33,47,68,52,51,40,58,60,56,85,72,2360
Jahmi'us Ramsey,72,64,70,76,64,95,60,67,66,64,45,70,75,70,81,52,60,35,65,37,42,40,55,80,66,68,73,62,69,59,58,50,66,54,47,72,67,52,55,52,43,60,95,77,2383
Julius Randle,82,89,85,73,74,75,95,82,73,76,87,69,95,90,84,82,85,85,80,79,60,86,92,85,75,74,80,68,84,71,63,77,73,35,42,76,73,52,75,70,58,81,95,86,2917
Duop Reath,81,85,68,80,80,95,80,73,59,52,73,75,83,90,80,60,68,50,60,55,55,55,60,74,44,40,52,46,44,37,52,62,37,41,67,47,68,50,45,65,65,64,95,76,2413
Austin Reaves,85,96,83,81,86,80,85,77,83,83,44,81,85,80,80,57,87,25,70,31,32,32,95,85,73,70,73,78,74,71,59,35,73,40,45,73,73,70,65,46,37,54,70,84,2589
Cam Reddish,72,62,60,77,85,60,85,77,85,85,52,84,90,65,80,64,78,50,80,43,52,47,70,95,66,68,81,79,69,31,71,55,76,78,51,80,75,74,75,43,41,44,50,76,2588
Paul Reed,79,83,86,76,75,70,85,68,49,47,62,65,80,95,80,74,73,80,75,73,70,73,64,85,45,48,52,41,44,39,59,69,43,63,83,52,66,58,40,82,86,78,95,79,2582
Naz Reid,86,85,76,85,92,85,95,74,50,49,87,75,88,92,80,81,82,80,80,79,69,79,87,94,53,59,58,49,65,35,64,79,54,46,72,54,77,65,65,61,47,74,85,82,2755
Jared Rhoden,69,56,80,77,80,80,40,73,68,68,62,70,80,80,82,56,70,65,70,42,44,37,44,75,55,55,69,63,54,35,59,47,68,32,74,72,62,65,55,58,54,61,90,71,2397
Nick Richards,71,95,59,25,82,85,80,76,72,70,65,75,81,85,84,64,62,80,80,52,47,52,55,80,37,37,35,49,36,29,59,75,47,33,78,52,78,40,70,79,73,85,75,78,2436
Josh Richardson,81,94,82,78,90,70,70,78,80,80,57,72,95,80,83,55,75,50,78,30,48,32,45,80,70,69,78,79,68,54,70,69,81,38,51,81,80,80,80,43,34,52,80,77,2620
Duncan Robinson,87,89,81,86,80,95,90,67,59,59,35,72,85,75,83,56,75,30,70,40,44,35,64,90,65,66,72,56,70,60,48,50,52,40,45,65,50,50,30,39,29,48,98,78,2396
Jerome Robinson,67,60,76,60,80,60,65,75,76,78,60,71,80,75,83,50,76,30,60,30,37,38,54,78,69,74,77,76,76,41,56,49,62,53,56,76,58,60,35,43,32,54,70,78,2354
Mitchell Robinson,60,75,68,32,37,95,50,71,48,25,84,83,85,95,80,70,79,90,80,65,52,50,64,80,43,70,40,25,54,28,73,83,49,73,81,65,87,65,80,83,97,69,80,82,2545
Orlando Robinson,76,81,69,77,71,85,75,67,49,49,64,64,80,85,77,58,60,70,60,49,48,50,38,85,49,52,40,35,54,62,53,62,36,40,72,36,60,54,60,76,69,82,75,73,2348
Jeremiah Robinson-Earl,75,87,66,76,83,75,65,71,62,62,60,69,80,85,80,68,79,75,75,64,65,66,50,70,58,65,69,55,66,34,52,66,40,40,51,58,66,52,45,66,63,69,60,78,2471
David Roddy,73,72,72,71,71,70,80,77,75,74,73,66,88,85,80,64,77,50,60,62,62,62,59,81,56,62,66,54,60,40,59,64,65,38,47,70,69,62,55,56,48,64,70,79,2503
Ryan Rollins,68,71,76,73,79,60,50,76,86,86,39,80,85,79,80,57,78,25,65,40,42,42,77,85,73,70,78,82,70,66,55,43,60,56,51,71,59,52,45,47,46,47,70,77,2441
Derrick Rose,80,68,88,78,91,65,90,80,86,86,50,89,85,95,69,59,86,25,45,55,55,55,65,85,83,83,86,86,88,74,56,50,67,40,42,75,66,64,40,43,37,48,50,84,2591
Terry Rozier,85,93,90,80,86,70,90,83,82,82,62,84,98,92,82,66,84,40,75,45,53,48,85,98,83,84,88,82,89,73,59,55,75,43,50,77,59,65,50,45,34,55,70,82,2750
Rayan Rupert,67,66,63,79,74,80,40,73,67,67,52,69,88,85,80,52,68,45,70,40,44,42,40,70,66,68,72,65,68,58,63,53,70,70,32,72,70,70,65,54,51,57,75,77,2422
D'Angelo Russell,86,83,81,83,80,90,98,75,81,81,54,71,93,65,83,60,88,25,45,35,55,60,88,81,84,87,90,81,88,73,56,40,65,41,52,67,68,70,45,39,31,47,90,84,2639
Matt Ryan,80,77,65,88,90,80,80,67,55,55,54,69,89,70,79,53,74,40,55,40,40,40,37,95,57,65,67,52,68,32,48,42,64,35,32,64,55,50,40,41,34,47,60,72,2251
Domantas Sabonis,88,97,81,81,73,95,98,72,48,44,82,54,95,98,86,88,84,75,75,93,93,93,90,98,71,82,60,43,85,85,55,70,49,40,55,49,69,45,60,89,84,94,95,90,2888
Luka Samanic,61,74,68,60,50,65,50,75,72,74,63,79,80,75,80,64,75,65,60,64,62,69,44,70,56,59,64,57,68,32,54,59,48,32,55,60,75,52,50,68,55,80,70,75,2390
Jermaine Samuels,59,66,66,69,63,50,40,80,81,78,66,82,85,85,80,63,65,70,85,58,58,59,40,70,54,52,62,68,52,35,54,63,63,42,47,63,60,50,40,66,66,65,40,73,2357
Adama Sanogo,64,72,70,69,72,60,40,73,70,68,71,62,80,80,80,62,70,70,75,50,50,50,48,80,48,52,50,49,50,38,51,63,40,46,56,44,50,55,50,72,70,74,50,77,2301
Gui Santos,69,73,69,79,65,70,60,71,73,72,50,74,80,60,86,58,72,50,65,52,53,57,45,69,55,57,62,69,55,33,61,66,69,58,52,69,70,57,50,56,53,58,70,76,2398
Dario Saric,76,93,71,81,83,70,60,72,63,69,65,60,82,86,81,73,82,45,70,81,79,81,50,92,70,75,69,57,84,66,57,70,49,43,45,61,74,50,65,71,62,79,60,77,2630
Olivier Sarr,63,68,74,69,79,55,35,73,65,63,63,74,85,80,80,64,60,75,75,64,62,64,40,70,47,50,52,49,55,29,50,58,40,30,80,47,59,48,35,73,75,70,40,70,2287
Marcus Sasser,81,90,83,81,87,75,70,74,75,75,47,69,85,85,80,48,80,25,50,32,37,37,47,75,75,74,80,75,74,72,60,35,70,46,45,83,67,67,65,39,29,48,80,83,2478
Admiral Schofield,68,70,72,77,86,55,45,72,59,59,65,78,85,80,80,61,70,45,65,62,62,59,47,80,58,59,73,59,62,38,56,59,66,36,51,74,60,57,45,51,53,49,75,71,2388
Dennis Schroder,83,79,86,81,87,85,80,79,84,88,46,74,93,90,80,48,80,25,45,25,38,27,62,85,81,82,86,84,80,74,58,34,73,40,40,74,72,67,60,40,33,47,90,80,2556
Dereon Seabron,58,65,66,60,69,50,40,80,83,85,68,85,89,70,83,59,74,40,80,44,47,50,40,98,62,64,68,74,60,44,54,49,71,42,45,70,57,44,50,42,33,50,50,76,2333
Alperen Sengun,81,97,80,72,67,80,90,73,52,52,80,69,88,90,80,83,82,70,80,87,87,87,74,95,67,74,62,48,78,72,66,69,63,53,61,64,69,85,65,74,68,80,95,88,2853
Brice Sensabaugh,75,91,84,73,83,60,60,72,65,65,64,70,88,70,79,60,74,35,60,57,59,57,41,95,63,65,74,62,63,50,50,50,55,38,47,67,55,54,35,53,40,66,50,81,2382
Collin Sexton,89,88,82,84,88,95,98,83,88,88,58,84,95,90,81,56,82,30,75,25,38,28,80,90,79,75,86,87,75,74,58,45,67,42,45,76,67,69,50,43,43,42,95,83,2688
Day'Ron Sharpe,61,79,49,48,61,80,50,75,61,61,79,73,80,90,80,59,73,75,70,48,35,48,44,80,56,62,58,38,66,54,62,69,60,41,81,60,69,55,60,93,96,89,75,78,2475
Shaedon Sharpe,80,75,82,78,82,90,75,83,89,89,50,96,94,85,80,62,85,40,96,35,37,33,82,88,70,67,83,84,67,51,59,49,69,40,50,80,65,75,45,52,44,59,75,87,2651
Ben Sheppard,75,78,78,74,70,80,70,79,84,84,54,75,85,90,80,55,68,35,60,48,49,47,49,80,64,70,73,74,70,34,66,54,79,70,30,79,72,74,70,43,35,50,80,80,2532
Pascal Siakam,89,98,88,80,74,98,98,81,76,78,70,79,95,90,82,84,84,80,80,90,90,90,68,90,73,72,79,69,79,68,74,86,79,44,50,78,86,82,85,73,65,80,98,90,3068
Ben Simmons,54,75,46,50,44,60,50,83,87,87,80,85,80,80,83,76,80,83,86,76,73,78,60,75,81,79,86,83,80,78,74,79,82,46,65,81,81,75,80,78,68,88,90,83,2842
Kobi Simmons,66,84,65,69,78,50,50,76,84,84,53,77,85,70,80,51,74,25,70,37,42,37,56,70,73,70,77,84,70,63,45,35,48,45,30,70,50,55,30,39,37,40,60,78,2282
Anfernee Simons,85,84,79,82,95,80,90,81,86,89,41,90,92,90,80,68,84,40,89,49,49,49,87,95,79,78,86,79,79,73,49,49,59,33,32,76,50,55,40,42,32,52,90,84,2667
Zavier Simpson,64,76,70,76,69,50,45,77,81,81,51,75,85,85,78,53,72,25,50,80,49,25,44,80,76,74,79,81,74,72,55,45,69,42,50,70,62,65,40,42,31,53,55,69,2378
Jericho Sims,58,68,69,26,52,70,65,80,80,80,65,83,85,90,80,67,64,80,89,60,60,60,40,80,32,30,35,34,32,30,52,66,40,33,70,42,66,55,40,71,73,69,55,76,2292
Dmytro Skapintsev,60,70,67,55,77,50,40,66,50,47,70,54,80,75,86,61,62,70,60,66,52,61,54,66,46,54,40,44,55,36,54,70,52,30,70,44,69,44,50,73,67,79,45,70,2231
Jalen Slawson,64,73,71,72,77,50,40,72,68,67,62,72,85,64,83,60,70,65,80,45,48,49,49,70,58,58,66,65,49,52,63,65,59,56,67,66,65,67,60,51,42,59,40,79,2375
Javonte Smart,68,73,72,72,83,60,50,77,79,79,61,80,80,75,83,56,73,30,70,44,52,58,44,80,69,74,78,78,76,41,55,49,66,43,55,74,55,55,40,44,38,50,50,73,2393
Marcus Smart,74,95,90,74,81,65,40,82,75,82,73,83,89,90,83,50,70,25,50,25,58,78,27,70,74,75,74,74,75,71,84,74,91,96,45,93,90,91,90,38,30,45,70,82,2689
Dennis Smith Jr.,71,61,67,71,79,70,75,80,86,87,54,91,88,75,80,54,76,25,85,30,31,38,69,80,79,76,86,85,75,73,68,25,75,96,50,80,70,75,70,53,50,55,60,76,2595
Dru Smith,73,57,74,76,84,75,70,69,70,70,43,62,85,75,80,50,79,40,45,38,37,40,40,80,70,74,76,70,74,58,63,40,63,88,62,69,65,68,50,47,51,42,80,71,2421
Ish Smith,70,90,79,79,55,65,50,74,87,87,32,70,80,78,83,44,75,25,30,25,32,25,62,81,83,86,86,87,85,73,52,25,74,37,35,77,64,52,50,42,35,49,55,75,2335
Jabari Smith Jr.,84,92,80,80,74,95,80,77,76,76,60,75,89,85,80,71,75,65,85,69,69,69,54,85,62,65,75,69,66,33,62,70,69,37,62,72,67,67,55,77,75,79,95,87,2756
Jalen Smith,77,97,72,83,74,75,60,75,69,68,65,86,82,75,80,70,69,85,80,68,66,67,47,80,38,29,38,49,40,35,57,70,48,35,68,62,73,44,55,83,80,85,90,79,2528
Nick Smith Jr.,75,83,57,84,74,80,70,78,84,84,48,86,89,75,80,57,79,40,80,37,39,38,62,80,70,70,79,84,72,45,50,33,63,33,47,78,57,50,40,42,38,46,85,83,2452
Terquavion Smith,68,69,71,79,70,70,50,75,82,82,42,72,85,85,80,50,84,25,60,30,32,32,55,85,69,68,79,82,60,57,55,30,60,48,50,69,64,63,55,34,25,42,50,78,2320
Jeremy Sochan,78,75,67,74,78,90,85,76,70,70,60,74,90,85,80,65,80,60,80,48,52,53,79,70,73,79,79,65,82,62,64,65,74,41,55,74,69,68,65,63,58,67,90,83,2696
Pat Spencer,69,69,78,79,80,60,50,77,75,75,54,83,85,85,84,58,70,40,75,42,56,42,54,85,72,75,73,75,75,64,49,44,55,42,45,72,45,47,40,53,45,60,50,70,2398
Jaden Springer,64,67,73,53,81,50,60,74,82,82,49,72,85,70,80,49,74,25,50,28,45,32,55,80,71,75,81,82,75,43,72,44,75,90,67,80,75,67,75,55,60,49,70,76,2477
Lamar Stevens,74,87,64,76,70,70,75,80,79,79,60,91,80,90,80,67,77,65,80,61,58,64,45,86,57,62,67,69,55,34,65,60,69,59,75,71,66,65,55,65,59,70,60,75,2608
Isaiah Stewart,80,93,76,82,79,75,75,75,63,62,80,70,89,87,77,74,76,75,70,75,64,80,70,79,43,44,34,52,50,33,55,70,54,32,62,60,72,42,50,62,53,71,60,79,2515
Julian Strawther,78,85,74,75,75,80,80,70,63,63,53,64,90,75,80,54,79,35,60,40,40,40,44,95,60,64,74,57,65,40,57,44,65,49,51,70,60,65,55,41,30,51,85,82,2397
Max Strus,82,78,85,82,81,85,80,76,76,76,40,74,98,80,85,60,68,35,65,48,58,54,68,85,72,72,69,74,78,65,49,45,57,42,51,65,50,50,35,51,41,60,55,80,2490
Jalen Suggs,86,91,73,83,77,98,95,83,88,88,59,90,88,85,80,65,89,40,80,39,38,74,78,84,79,78,86,88,84,60,77,55,84,80,62,84,84,82,85,45,38,51,98,84,2900
Cole Swider,65,70,72,76,80,50,40,64,52,52,54,63,85,65,80,57,65,55,60,52,55,55,40,70,48,55,42,47,59,38,52,75,42,37,35,50,75,50,55,48,44,51,70,71,2187
Jae'Sean Tate,67,94,70,72,73,55,40,77,69,69,65,75,89,95,80,72,84,65,75,69,68,69,64,85,63,70,74,62,72,35,65,70,70,59,52,70,68,69,65,59,55,62,50,79,2607
Jayson Tatum,92,95,97,87,79,98,98,84,82,82,71,83,95,98,80,84,96,50,89,74,84,83,97,98,79,78,86,79,84,70,77,81,88,42,53,88,89,90,85,64,50,78,98,97,3152
Terry Taylor,77,81,70,74,77,85,75,77,77,77,69,80,85,65,83,54,70,40,45,54,52,58,40,69,58,60,66,70,62,30,55,54,66,31,61,74,65,40,45,61,79,42,40,75,2386
Garrett Temple,66,82,55,72,79,70,40,68,57,57,44,69,85,79,82,49,70,25,30,37,55,46,40,85,66,75,75,57,74,47,66,46,78,59,47,76,77,74,70,55,58,51,80,73,2376
Dalen Terry,72,87,72,70,67,70,65,76,76,76,58,69,85,85,80,56,77,25,80,40,46,42,54,85,74,76,80,74,78,61,65,43,69,59,67,75,69,70,65,55,48,61,70,78,2552
Daniel Theis,68,88,76,80,70,65,30,75,57,67,82,75,90,87,65,69,70,79,78,74,54,73,35,85,50,69,49,42,54,35,66,79,53,37,82,54,83,57,80,69,69,68,60,78,2529
Cam Thomas,89,88,82,81,84,98,98,75,77,77,54,79,86,75,80,72,90,50,75,58,70,75,85,74,65,59,82,70,52,61,52,41,59,38,42,75,59,58,40,41,32,50,98,83,2635
Isaiah Thomas,76,77,77,77,83,70,70,82,84,89,45,81,89,97,91,46,76,25,27,25,40,25,65,85,79,80,87,84,82,61,49,25,47,37,53,68,54,80,30,38,31,45,40,80,2382
Amen Thompson,71,86,71,42,64,80,80,86,95,95,50,99,95,85,80,65,87,60,95,44,48,44,50,90,81,80,86,95,80,65,73,46,80,83,65,88,73,80,70,74,71,77,80,88,2847
Ausar Thompson,60,94,63,45,69,50,40,87,94,94,50,98,95,95,80,64,84,60,94,45,46,45,56,85,73,75,83,91,75,42,79,69,84,73,72,87,84,82,80,71,67,75,45,88,2754
Klay Thompson,83,93,90,89,91,70,65,78,71,74,62,67,91,85,94,57,70,35,65,35,65,64,36,85,63,67,70,71,67,42,70,70,80,38,53,80,80,80,80,42,33,50,60,90,2608
Tristan Thompson,60,92,70,62,48,45,40,74,63,52,74,74,80,85,90,66,65,85,75,69,50,62,40,80,44,31,39,30,70,48,61,75,54,38,62,64,79,58,55,84,91,77,50,78,2400
JT Thor,69,76,72,78,70,55,60,78,84,84,50,82,85,80,80,64,70,55,70,67,66,68,41,75,58,65,60,69,66,30,59,65,63,33,72,64,62,62,50,60,55,64,50,77,2475
Matisse Thybulle,58,79,48,78,68,50,25,77,76,76,59,70,85,90,80,46,74,35,70,30,30,30,25,70,52,55,65,69,35,35,84,60,89,98,70,90,85,97,85,41,35,46,45,79,2386
Xavier Tillman,63,82,63,62,45,75,50,70,46,44,72,69,82,94,80,70,70,75,65,70,70,70,46,95,54,62,61,37,68,43,76,78,66,80,81,67,80,84,75,65,63,66,60,78,2574
Jacob Toppin,60,70,69,69,67,50,35,74,68,68,62,82,85,75,80,60,68,65,85,44,48,58,40,69,55,50,68,64,50,44,58,67,65,38,51,54,68,60,60,55,47,62,40,76,2321
Obi Toppin,84,96,76,82,78,95,75,78,70,69,74,90,88,70,88,77,88,85,90,67,67,69,60,90,54,55,60,56,59,38,51,66,48,41,60,47,62,47,40,58,52,64,90,81,2633
Juan Toscano-Anderson,78,91,65,70,79,95,70,76,68,69,62,70,85,95,83,56,68,40,88,30,44,58,50,69,61,69,68,64,62,44,60,67,67,38,51,69,68,60,60,55,47,62,40,76,2461
Karl-Anthony Towns,89,93,85,87,90,85,95,81,76,76,87,70,98,80,82,83,78,90,75,85,84,85,70,98,66,60,65,66,79,58,58,69,50,37,56,61,79,55,55,67,52,82,95,88,2876
Gary Trent Jr.,80,83,76,83,59,90,90,79,85,85,58,90,80,70,82,63,84,40,75,44,57,46,84,73,67,70,79,77,71,36,54,50,61,56,35,74,60,64,35,40,32,47,95,80,2556
Oscar Tshiebwe,54,70,69,37,70,45,30,77,75,67,69,75,80,90,80,62,62,75,75,54,48,48,37,95,43,42,40,39,55,37,54,69,48,31,72,48,69,40,55,80,80,80,40,75,2271
P.J. Tucker,66,88,74,78,83,50,25,78,63,63,82,66,88,90,91,54,55,50,60,49,48,50,36,81,55,70,65,44,69,28,71,77,80,46,52,80,74,75,80,58,58,57,60,78,2463
Myles Turner,85,94,93,82,77,80,85,71,56,32,80,69,95,80,83,77,79,80,65,76,80,88,55,95,40,31,35,32,68,32,74,86,70,36,86,66,90,70,85,69,56,82,80,85,2714
Hunter Tyson,71,72,76,75,80,70,50,73,68,68,52,77,88,75,80,59,70,60,75,49,49,49,50,70,61,65,68,60,65,48,57,58,62,57,55,68,58,54,40,56,55,57,60,79,2412
Stanley Umude,73,73,70,79,91,65,60,71,67,67,52,70,85,73,82,51,67,30,60,42,43,45,47,74,60,68,68,65,68,29,59,52,67,41,60,68,65,57,60,52,39,65,50,71,2335
Jonas Valanciunas,81,97,88,74,79,75,70,72,62,46,89,54,90,80,81,78,80,80,65,87,64,86,65,95,44,36,35,33,65,51,59,75,43,35,74,48,80,54,60,83,74,92,85,84,2631
Fred VanVleet,89,81,92,82,86,95,95,79,83,83,42,75,95,94,82,50,74,25,35,30,32,28,80,98,85,89,86,83,92,76,67,27,83,53,60,83,79,74,80,40,31,49,95,85,2712
Jarred Vanderbilt,74,85,69,66,69,75,80,78,75,76,70,80,75,95,78,60,75,75,75,40,32,50,50,85,52,60,65,65,38,34,77,80,80,85,45,77,82,88,80,69,65,73,70,79,2641
Devin Vassell,87,95,91,81,79,80,95,77,72,72,60,77,89,85,82,66,79,40,60,51,65,65,70,95,74,76,82,65,79,68,70,62,83,43,45,83,81,85,80,42,31,53,75,82,2756
Sasha Vezenkov,79,64,80,81,82,95,70,72,60,60,54,67,95,85,80,58,74,60,65,51,51,51,51,60,52,60,60,52,57,29,54,50,57,49,55,63,54,50,50,60,57,63,98,78,2418
Gabe Vincent,83,91,95,75,87,80,70,70,73,73,40,66,85,69,82,45,76,25,45,26,32,26,49,80,70,78,80,70,79,43,51,37,60,59,25,65,60,57,45,33,35,31,90,79,2338
Nikola Vucevic,83,98,81,71,86,70,90,71,62,46,89,45,95,85,77,78,70,85,65,88,84,87,50,98,58,82,35,32,82,60,56,74,41,37,63,49,73,57,50,77,67,87,70,84,2665
Tristan Vukcevic,75,78,71,72,81,75,75,71,57,55,72,65,89,80,80,66,69,70,65,66,67,69,40,78,49,45,51,50,55,45,50,59,44,43,76,42,57,37,45,63,45,80,80,78,2406
Dean Wade,72,78,70,83,65,70,65,73,62,62,60,83,80,85,79,64,60,80,75,60,60,64,44,70,45,38,60,43,55,29,62,50,67,56,55,68,70,68,60,57,43,70,65,76,2428
Franz Wagner,87,94,70,74,87,98,98,76,70,70,65,75,85,85,80,74,93,55,80,57,59,59,95,95,77,80,85,68,84,67,65,56,73,46,51,73,74,73,70,54,42,65,98,86,2835
Moritz Wagner,84,91,78,76,77,95,85,78,73,67,78,75,85,85,81,68,75,75,65,67,67,68,50,76,49,54,42,53,55,42,48,58,40,42,53,47,58,54,35,71,68,74,75,78,2517
Ish Wainright,70,68,66,77,84,75,50,82,81,81,82,75,88,90,80,56,69,50,60,49,48,50,44,81,55,52,68,66,54,34,70,72,72,59,62,80,72,72,70,52,51,53,60,73,2518
Jabari Walker,75,72,70,71,77,75,85,72,75,75,46,79,80,70,80,68,79,45,75,67,68,68,65,80,54,52,60,71,54,32,62,68,68,40,51,73,67,65,60,77,68,86,70,78,2565
Jarace Walker,72,80,80,78,66,65,65,84,81,81,80,90,90,85,80,68,80,80,87,57,58,58,40,80,65,69,62,70,68,54,68,70,67,70,76,70,65,62,65,57,45,68,55,84,2681
Lonnie Walker IV,76,76,72,82,76,75,75,80,89,89,64,83,85,65,82,61,82,40,75,48,53,48,67,75,67,70,78,77,67,43,59,55,74,46,57,78,62,65,35,45,32,57,70,77,2544
Cason Wallace,79,82,81,85,76,75,75,76,75,75,55,72,90,85,80,54,85,25,70,31,37,37,50,95,68,75,78,75,75,37,71,48,81,66,60,87,75,84,70,44,42,46,95,82,2612
Jordan Walsh,59,67,65,68,71,50,35,78,77,77,54,86,89,85,80,59,68,40,80,57,54,44,40,85,62,63,68,68,62,47,68,63,75,62,54,76,75,74,65,46,44,47,80,81,2476
T.J. Warren,77,89,90,70,80,50,80,70,61,61,75,63,74,70,84,70,92,50,80,62,68,62,75,68,62,65,78,60,65,40,56,54,62,46,42,68,65,62,50,56,48,63,45,80,2497
P.J. Washington,84,88,80,83,72,85,95,77,75,75,68,69,85,85,79,75,75,65,80,68,70,71,74,95,57,55,70,63,60,38,57,62,52,46,63,67,64,62,40,57,46,67,80,80,2652
TyTy Washington Jr.,74,78,77,70,75,85,60,79,80,80,54,79,95,85,80,49,76,25,75,25,38,26,50,80,73,68,86,80,69,60,57,55,66,49,37,76,62,70,40,40,27,52,75,75,2440
Yuta Watanabe,66,69,60,73,72,70,50,73,67,67,60,74,80,85,80,55,70,40,60,40,43,45,59,85,57,60,69,65,63,29,60,58,63,38,57,71,66,65,60,45,42,48,60,73,2336
Lindy Waters III,82,74,77,85,80,95,80,65,60,60,33,67,83,70,80,51,70,25,65,28,54,34,65,70,60,69,69,50,67,43,56,53,67,36,62,69,62,62,40,48,39,56,80,74,2353
Trendon Watford,82,94,68,80,82,85,85,76,63,63,79,80,85,80,80,73,79,75,80,69,69,69,69,70,57,59,50,57,62,58,52,66,52,41,60,52,52,50,40,65,57,72,50,75,2557
Peyton Watson,78,86,80,75,66,85,75,76,77,77,55,82,88,75,80,58,79,60,65,44,42,40,40,95,60,60,70,76,62,34,64,59,68,42,85,71,65,62,60,54,46,62,90,78,2556
Victor Wembanyama,86,86,71,78,82,98,98,76,66,66,57,69,94,90,88,86,82,90,75,84,84,84,87,98,70,72,70,64,75,70,74,88,45,59,99,44,92,78,90,79,65,92,98,99,3027
Blake Wesley,66,79,60,67,59,70,60,75,78,78,40,84,92,75,80,63,74,40,86,54,57,50,59,80,74,69,83,77,68,72,58,49,71,46,47,74,60,63,50,42,36,48,98,80,2513
Russell Westbrook,67,70,70,68,61,65,70,88,91,91,75,92,92,85,92,63,80,30,80,45,66,66,50,85,83,80,86,91,82,74,65,42,74,73,53,81,70,55,70,65,60,69,90,85,2759
Coby White,85,82,72,81,82,98,95,80,85,85,56,81,90,85,80,61,84,30,65,34,45,49,84,95,81,79,86,84,84,70,56,49,64,36,40,73,66,64,55,45,33,56,98,82,2677
Derrick White,90,94,84,85,89,95,90,80,88,88,46,75,85,95,81,59,85,40,55,35,51,35,83,90,83,88,86,87,82,70,77,58,90,43,72,91,92,78,95,45,36,53,95,87,2872
Jack White,60,69,64,66,74,50,35,70,56,57,55,72,80,90,80,57,68,55,65,55,55,55,47,59,48,55,54,47,56,30,57,60,62,37,45,67,68,59,55,62,62,62,60,70,2256
Dariq Whitehead,69,77,76,79,79,60,40,76,79,79,52,82,90,70,77,57,70,50,80,44,51,47,37,80,66,67,78,76,66,44,59,40,65,64,52,74,67,67,45,43,37,48,60,82,2431
Cam Whitmore,78,86,83,79,70,75,75,81,84,84,68,84,88,80,80,65,81,40,85,57,59,59,58,79,68,68,86,84,69,31,59,57,67,49,57,76,57,58,50,59,51,67,85,83,2649
Aaron Wiggins,85,89,68,87,75,98,95,73,84,84,45,72,80,65,80,63,80,35,70,52,57,54,82,76,64,68,70,75,68,38,58,48,59,66,53,73,57,52,55,53,53,52,98,78,2591
Andrew Wiggins,77,92,72,80,61,80,75,83,82,82,57,97,87,90,83,70,77,40,85,65,74,77,60,85,63,62,79,80,60,36,63,55,74,38,58,80,70,67,65,55,56,54,60,85,2680
Lindell Wigginton,70,67,68,78,69,70,65,72,75,75,44,72,84,71,84,48,79,30,60,25,40,25,50,75,72,69,75,74,70,71,54,27,68,40,37,72,68,67,50,43,33,53,80,73,2333
Alondes Williams,65,72,72,66,70,60,50,80,84,84,68,78,88,80,80,57,73,40,70,44,48,49,50,80,70,65,77,77,68,64,52,44,60,35,55,69,52,50,50,54,52,55,50,75,2404
Brandon Williams,70,77,77,67,82,65,50,76,79,79,62,68,89,75,81,55,77,25,50,27,46,50,75,90,76,75,79,77,79,71,53,33,62,53,55,65,57,52,45,45,40,49,60,75,2418
Grant Williams,77,81,73,81,77,80,70,74,58,60,73,66,88,95,80,65,79,50,60,59,58,66,60,90,61,69,66,54,72,43,60,68,58,37,56,70,69,60,65,51,47,55,85,77,2555
Jalen Williams,92,94,95,86,83,98,98,81,87,87,50,83,90,90,80,66,91,25,80,52,59,59,75,87,79,78,86,83,78,70,68,55,77,49,58,77,77,78,75,56,48,64,90,87,2879
Jaylin Williams,76,79,76,80,70,85,65,66,50,50,60,62,78,85,80,68,69,70,70,68,61,68,65,75,58,62,59,38,69,60,62,74,45,43,67,57,72,65,70,66,48,84,85,79,2543
Jeenathan Williams,68,70,79,75,85,50,50,69,68,68,52,70,80,65,83,54,72,40,70,37,45,48,40,80,62,65,71,65,66,45,48,40,52,40,53,62,50,47,40,59,67,50,75,74,2289
Kenrich Williams,71,81,65,82,44,75,80,74,66,66,63,72,80,90,80,59,79,40,65,40,52,54,55,90,63,69,69,63,69,43,68,68,75,53,45,75,74,75,75,62,59,64,70,76,2541
Malik Williams,61,70,70,71,65,50,40,67,54,54,65,65,80,65,84,61,68,70,65,55,56,56,41,80,40,45,37,48,42,27,54,67,40,42,72,44,65,55,45,82,85,78,45,70,2231
Mark Williams,70,84,60,36,75,80,85,77,65,64,80,75,85,88,80,72,77,85,75,60,60,60,73,85,39,44,35,32,52,32,62,79,44,43,74,49,78,60,70,89,92,85,95,82,2578
Patrick Williams,78,77,79,83,85,70,75,75,70,70,64,77,88,75,81,56,68,60,65,44,42,40,45,80,58,60,70,64,62,34,68,70,76,46,70,74,80,65,65,51,47,54,80,82,2537
Robert Williams,64,96,69,25,61,70,65,77,71,62,83,75,80,90,81,69,82,90,75,60,50,65,54,75,47,57,48,38,62,32,77,86,40,80,86,64,88,85,85,79,69,89,60,85,2633
Vince Williams Jr.,79,82,60,81,78,95,75,74,68,68,52,70,87,90,80,56,69,35,70,41,53,39,65,76,66,69,70,60,65,66,70,55,80,46,62,82,78,80,80,59,46,71,95,78,2617
Ziaire Williams,60,56,66,73,77,50,35,79,87,87,40,82,90,88,80,63,82,65,80,48,44,58,55,75,61,50,79,82,54,42,64,60,73,41,52,77,70,71,65,55,43,67,70,82,2496
Zion Williamson,80,84,79,73,64,90,90,86,85,85,92,99,83,95,60,90,93,90,97,90,80,87,90,95,72,65,78,74,72,73,59,59,55,49,61,76,64,70,40,59,56,61,70,94,2918
D.J. Wilson,72,83,73,75,68,70,60,71,63,64,63,62,83,90,75,64,70,50,66,69,65,55,60,74,57,60,69,56,65,34,54,60,37,40,72,67,66,50,40,66,48,83,90,74,2449
Jalen Wilson,73,77,72,75,79,85,50,73,82,79,30,75,80,84,80,52,68,30,75,35,34,30,50,90,61,64,68,73,63,38,47,35,57,35,37,66,50,52,40,62,62,61,75,74,2310
Dylan Windler,77,77,77,85,80,70,75,72,68,69,55,75,80,80,80,49,72,35,50,32,44,44,35,80,60,62,72,67,60,40,52,42,65,43,40,65,57,60,45,49,39,59,50,74,2303
James Wiseman,67,94,67,67,70,65,40,77,70,70,70,68,87,85,87,71,71,80,75,72,64,71,50,85,54,54,66,54,64,33,61,74,50,31,71,63,78,54,65,79,75,83,65,82,2570
Isaiah Wong,70,76,76,75,82,60,50,73,79,76,40,80,85,69,80,46,74,25,45,26,32,26,59,80,67,67,76,74,67,53,51,37,60,53,32,67,60,57,45,39,33,44,60,79,2259
Christian Wood,70,82,71,73,77,50,65,74,56,59,74,66,93,85,83,83,87,90,85,81,79,81,65,95,42,30,60,44,40,34,59,60,60,35,72,62,74,62,50,69,51,87,35,84,2537
Delon Wright,67,69,68,80,85,60,40,76,73,73,58,69,90,85,84,51,74,25,60,25,46,27,65,85,77,80,86,72,75,70,76,49,84,96,52,84,84,80,80,44,38,50,35,77,2533
Thaddeus Young,62,94,60,57,69,60,30,78,72,63,80,83,78,85,85,67,75,70,70,70,70,70,30,80,63,69,65,50,82,49,71,82,70,80,40,78,75,70,75,70,78,62,40,79,2595
Trae Young,91,92,86,83,89,95,98,79,84,84,50,78,95,75,86,56,94,25,30,28,60,34,96,80,90,82,92,84,97,94,51,31,55,56,37,70,58,70,30,37,31,43,98,90,2660
Omer Yurtseven,73,93,69,61,68,70,75,70,53,52,70,70,85,80,83,66,65,70,65,66,64,65,47,82,47,50,60,37,52,34,54,62,49,33,78,49,62,58,40,90,90,89,50,76,2422
Cody Zeller,63,80,70,38,69,60,60,76,70,40,75,80,89,95,84,70,65,75,75,67,65,67,65,79,52,68,40,31,64,58,53,60,37,36,47,54,76,60,55,78,79,77,50,78,2438
Ivica Zubac,75,98,74,26,70,90,90,65,26,25,80,75,80,90,80,78,84,85,75,81,54,88,75,82,42,70,35,26,47,34,54,77,34,32,81,45,75,40,45,86,84,87,95,83,2518